tweet_id,rating_numerator,name,category,jpg_url,breed,confidence_score
891815181378084864,12,Archie,nan,https://pbs.twimg.com/media/DGBdLU1WsAANxJ9.jpg,Chihuahua,0.72
890006608113172480,13,Koda,nan,https://pbs.twimg.com/media/DFnwSY4WAAAMliS.jpg,Samoyed,0.96
889665388333682689,13,,puppo,https://pbs.twimg.com/media/DFi579UWsAAatzw.jpg,Pembroke,0.97
889638837579907072,12,Ted,nan,https://pbs.twimg.com/media/DFihzFfXsAYGDPR.jpg,French_bulldog,0.99
889531135344209921,13,Stuart,puppo,https://pbs.twimg.com/media/DFg_2PVW0AEHN3p.jpg,golden_retriever,0.95
889278841981685760,13,Oliver,nan,https://pbs.twimg.com/ext_tw_video_thumb/889278779352338437/pu/img/VlbFB3v8H8VwzVNY.jpg,whippet,0.63
888917238123831296,12,Jim,nan,https://pbs.twimg.com/media/DFYRgsOUQAARGhO.jpg,golden_retriever,0.71
888554962724278272,13,Ralphus,nan,https://pbs.twimg.com/media/DFTH_O-UQAACu20.jpg,Siberian_husky,0.7
888202515573088257,13,Canela,nan,https://pbs.twimg.com/media/DFDw2tyUQAAAFke.jpg,Pembroke,0.81
888078434458587136,12,Gerald,nan,https://pbs.twimg.com/media/DFMWn56WsAAkA7B.jpg,French_bulldog,1.0
887705289381826560,13,Jeffrey,nan,https://pbs.twimg.com/media/DFHDQBbXgAEqY7t.jpg,basset,0.82
887473957103951883,13,Canela,nan,https://pbs.twimg.com/media/DFDw2tyUQAAAFke.jpg,Pembroke,0.81
887101392804085760,12,,nan,https://pbs.twimg.com/media/DE-eAq6UwAA-jaE.jpg,Samoyed,0.73
886983233522544640,13,Maya,nan,https://pbs.twimg.com/media/DE8yicJW0AAAvBJ.jpg,Chihuahua,0.79
886366144734445568,12,Roscoe,puper,https://pbs.twimg.com/media/DE0BTnQUwAApKEH.jpg,French_bulldog,1.0
886258384151887873,13,Waffles,nan,https://pbs.twimg.com/media/DEyfTG4UMAE4aE9.jpg,pug,0.94
885984800019947520,12,Jimbo,nan,https://pbs.twimg.com/media/DEumeWWV0AA-Z61.jpg,Blenheim_spaniel,0.97
885311592912609280,13,Lilly,nan,https://pbs.twimg.com/media/C4bTH6nWMAAX_bJ.jpg,Labrador_retriever,0.91
885167619883638784,13,,nan,https://pbs.twimg.com/media/DEi_N9qXYAAgEEw.jpg,malamute,0.81
884876753390489601,13,Lola,nan,https://pbs.twimg.com/media/DEe2tZXXkAAwyX3.jpg,chow,0.82
884441805382717440,14,,nan,https://pbs.twimg.com/media/DEYrIZwWsAA2Wo5.jpg,Pembroke,0.99
884162670584377345,12,Yogi,doggo,https://pbs.twimg.com/media/DEUtQbzW0AUTv_o.jpg,German_shepherd,0.71
883838122936631299,12,Noah,nan,https://pbs.twimg.com/media/DEQGFgAXUAAEvfi.jpg,Doberman,0.61
883482846933004288,5,Bella,nan,https://pbs.twimg.com/media/DELC9dZXUAADqUk.jpg,golden_retriever,0.94
883360690899218434,13,Grizzwald,floofer,https://pbs.twimg.com/media/DEJT3FeXoAAtwUy.jpg,chow,0.99
883117836046086144,13,,nan,https://pbs.twimg.com/media/DEF2-_hXoAAs62q.jpg,golden_retriever,0.95
882762694511734784,12,Gus,puper,https://pbs.twimg.com/media/DEAz_HHXsAA-p_z.jpg,Labrador_retriever,0.85
882268110199369728,13,Alfy,nan,https://pbs.twimg.com/media/DD5yKdPW0AArzX8.jpg,golden_retriever,0.76
880872448815771648,12,,nan,https://pbs.twimg.com/media/DDl8zzJW0AAisCJ.jpg,Pembroke,0.79
880465832366813184,12,Bella,nan,https://pbs.twimg.com/media/DDgK-J4XUAIEV9W.jpg,golden_retriever,0.91
879862464715927552,13,Romeo,nan,https://pbs.twimg.com/media/DDXmPrbWAAEKMvy.jpg,basset,0.81
879008229531029506,13,Beau,nan,https://pbs.twimg.com/media/DDLdUrqXYAMOVzY.jpg,vizsla,0.96
878776093423087618,13,Snoopy,puppo,https://pbs.twimg.com/media/DDIKMXzW0AEibje.jpg,Italian_greyhound,0.73
878057613040115712,14,Emmy,nan,https://pbs.twimg.com/media/DC98vABUIAA97pz.jpg,French_bulldog,0.84
877736472329191424,13,Aja,nan,https://pbs.twimg.com/media/DC5YqoQW0AArOLH.jpg,Chesapeake_Bay_retriever,0.84
877556246731214848,12,Penny,nan,https://pbs.twimg.com/media/DC20wEcW0AAf59m.jpg,basset,1.0
877201837425926144,12,Nelly,nan,https://pbs.twimg.com/media/DCxyahJWsAAddSC.jpg,Pembroke,0.93
876484053909872640,13,Benedict,nan,https://pbs.twimg.com/media/DCnll_dUQAAkBdG.jpg,golden_retriever,0.87
875747767867523072,13,Goose,nan,https://pbs.twimg.com/media/DCdH8YpUQAAiEbL.jpg,Labrador_retriever,0.8
875021211251597312,12,,nan,https://pbs.twimg.com/media/DCSzF3NVoAAPzT4.jpg,West_Highland_white_terrier,0.71
874680097055178752,12,Cash,nan,https://pbs.twimg.com/media/DCN85nGUwAAzG_q.jpg,Labrador_retriever,0.84
874057562936811520,12,,nan,https://pbs.twimg.com/media/DCFGtdoXkAEsqIw.jpg,flat-coated_retriever,0.83
874012996292530176,13,Sebastian,puppo,https://pbs.twimg.com/media/DCEeLxjXsAAvNSM.jpg,Cardigan,0.81
873580283840344065,13,,nan,https://pbs.twimg.com/media/DB-UotKXkAEHXVi.jpg,Newfoundland,0.68
873213775632977920,12,Sierra,puper,https://pbs.twimg.com/media/DB5HTBGXUAE0TiK.jpg,vizsla,0.62
872820683541237760,13,,nan,https://pbs.twimg.com/media/DBzhx0PWAAEhl0E.jpg,pug,1.0
872486979161796608,12,,nan,https://pbs.twimg.com/media/DBuyRlTUwAAYhG9.jpg,Pembroke,0.93
872261713294495745,13,Harry,nan,https://pbs.twimg.com/media/DBrlZk2UQAAfAkd.jpg,Labrador_retriever,0.97
871879754684805121,13,Lassie,nan,https://pbs.twimg.com/media/DBmKAmBXUAE-pQ-.jpg,Shetland_sheepdog,0.97
871762521631449091,12,Rover,puper,https://pbs.twimg.com/media/DBkfY58XcAEdzZy.jpg,Labrador_retriever,0.92
871515927908634625,12,Napolean,doggo,https://pbs.twimg.com/media/DBg_HT9WAAEeIMM.jpg,komondor,0.97
870656317836468226,13,Cody,nan,https://pbs.twimg.com/media/DBUxSSTXsAA-Jn1.jpg,Pembroke,0.95
870374049280663552,13,Zoey,nan,https://pbs.twimg.com/media/DBQwlFCXkAACSkI.jpg,golden_retriever,0.84
870308999962521604,13,Rumble,nan,https://pbs.twimg.com/media/DBP1asiUAAEKZI5.jpg,Greater_Swiss_Mountain_dog,0.62
869772420881756160,13,Dewey,nan,https://pbs.twimg.com/media/DBINZcxXgAQ-R6P.jpg,Pembroke,0.98
869702957897576449,13,Stanley,nan,https://pbs.twimg.com/media/DBHOOfOXoAABKlU.jpg,Pembroke,0.99
869596645499047938,12,Scout,doggo,https://pbs.twimg.com/media/DBFtiYqWAAAsjj1.jpg,Chihuahua,0.96
869227993411051520,13,Gizmo,nan,https://pbs.twimg.com/media/DBAePiVXcAAqHSR.jpg,Pembroke,0.66
868622495443632128,13,,nan,https://pbs.twimg.com/media/DA33i0XXsAEQtCA.jpg,Labrador_retriever,0.87
867774946302451713,13,Harold,nan,https://pbs.twimg.com/media/DAr0tDZXUAEMvdu.jpg,Border_collie,0.66
867421006826221569,12,Shikha,puppo,https://pbs.twimg.com/media/DAmyy8FXYAIH8Ty.jpg,Eskimo_dog,0.62
866450705531457537,13,Jamesy,puper,https://pbs.twimg.com/media/DAZAUfBXcAAG_Nn.jpg,French_bulldog,0.91
866334964761202691,12,Coco,nan,https://pbs.twimg.com/media/DAXXDQNXgAAoYQH.jpg,Samoyed,0.98
865718153858494464,13,Boomer,nan,https://pbs.twimg.com/media/DAOmEZiXYAAcv2S.jpg,golden_retriever,0.67
865359393868664832,13,Sammy,nan,https://pbs.twimg.com/media/DAJfxqGVoAAnvQt.jpg,Chesapeake_Bay_retriever,0.83
865006731092295680,13,Nelly,nan,https://pbs.twimg.com/media/DAEfCFXUIAA1uqj.jpg,Pembroke,0.99
864279568663928832,12,Meatball,nan,https://pbs.twimg.com/media/C_6JrWZVwAAHhCD.jpg,bull_mastiff,0.67
864197398364647424,13,Paisley,nan,https://pbs.twimg.com/media/C_4-8iPV0AA1Twg.jpg,golden_retriever,0.95
863432100342583297,12,Belle,nan,https://pbs.twimg.com/media/C_uG6eAUAAAvMvR.jpg,Staffordshire_bullterrier,0.69
863062471531167744,13,Quinn,nan,https://pbs.twimg.com/media/C_o2vKCUwAAgtOp.jpg,French_bulldog,0.94
862096992088072192,13,,nan,https://pbs.twimg.com/media/C_bIo7QXYAAGfPu.jpg,chow,0.68
861383897657036800,13,Hobbes,nan,https://pbs.twimg.com/media/C_RAFTxUAAAbXjV.jpg,Cardigan,0.77
859851578198683649,13,Trooper,nan,https://pbs.twimg.com/media/C-7OcfyXsAAsqzU.jpg,Labrador_retriever,0.9
859607811541651456,13,,puppo,https://pbs.twimg.com/media/C-3wvtxXcAUTuBE.jpg,golden_retriever,0.9
858471635011153920,13,Sophie,nan,https://pbs.twimg.com/media/C-nnZBdXkAAB-wg.jpg,Pembroke,0.99
858107933456039936,12,Wyatt,nan,https://pbs.twimg.com/media/C-icm_WXUAAmuRR.jpg,golden_retriever,0.86
857746408056729600,13,Thor,nan,https://pbs.twimg.com/media/C-dTzBzXUAQRjYz.jpg,Labrador_retriever,0.92
857393404942143489,13,,nan,https://pbs.twimg.com/media/C-YSwA_XgAEOr25.jpg,malamute,0.84
857263160327368704,13,Oscar,nan,https://pbs.twimg.com/media/C-WcS4MXoAADrBU.jpg,Samoyed,1.0
857029823797047296,12,Zeke,nan,https://pbs.twimg.com/media/C-TIEwMW0AEjb55.jpg,golden_retriever,0.97
856526610513747968,14,,nan,https://pbs.twimg.com/media/C-L-aIYXgAIR0jY.jpg,Old_English_sheepdog,0.8
856282028240666624,14,Cermet,nan,https://pbs.twimg.com/media/C-If9ZwXoAAfDX2.jpg,Chihuahua,0.88
854732716440526848,12,Marlee,nan,https://pbs.twimg.com/media/C9ye3b3WAAAlTo0.jpg,Pembroke,0.7
854365224396361728,13,Einstein,nan,https://pbs.twimg.com/media/C9tQokgUIAEETSx.jpg,Pembroke,0.91
854120357044912130,14,,puper,https://pbs.twimg.com/media/C9px7jyVwAAnmwN.jpg,black-and-tan_coonhound,0.85
852912242202992640,12,Benny,nan,https://pbs.twimg.com/media/C9YnKK3VoAAxn1E.jpg,Great_Dane,0.78
852672615818899456,12,Aspen,nan,https://pbs.twimg.com/media/C9VNNp1XkAEWRFb.jpg,golden_retriever,0.71
851953902622658560,13,Astrid,doggo,https://pbs.twimg.com/media/C4KHj-nWQAA3poV.jpg,Staffordshire_bullterrier,0.76
850753642995093505,11,Kyle,nan,https://pbs.twimg.com/media/C8576jrW0AEYWFy.jpg,pug,1.0
850019790995546112,12,Boomer,puper,https://pbs.twimg.com/media/C8vgfTsXgAA561h.jpg,Shetland_sheepdog,0.76
849412302885593088,12,Noosh,nan,https://pbs.twimg.com/media/C8m3-iQVoAAETnF.jpg,schipperke,0.91
848690551926992896,12,,nan,https://pbs.twimg.com/media/C8cnjHuXsAAoZQf.jpg,flat-coated_retriever,0.82
847842811428974592,12,Rontu,nan,https://pbs.twimg.com/media/C8QkidrVYAQXQh7.jpg,Bernese_mountain_dog,0.95
846514051647705089,13,Barney,doggo,https://pbs.twimg.com/media/C79sB4xXwAEvwKY.jpg,golden_retriever,0.65
846042936437604353,12,Jarvis,nan,https://pbs.twimg.com/media/C72_iaUVUAEhZSn.jpg,golden_retriever,0.96
845812042753855489,13,,nan,https://pbs.twimg.com/media/C7ztkInW0AEh1CD.jpg,Samoyed,0.98
845677943972139009,12,,nan,https://pbs.twimg.com/media/C7xzmngWkAAAp9C.jpg,chow,0.81
844973813909606400,12,Brady,nan,https://pbs.twimg.com/media/C7nzMwTV4AARz4t.jpg,Labrador_retriever,0.74
844704788403113984,13,Luna,nan,https://pbs.twimg.com/media/C7j-hkSW0AIxCZC.jpg,Labrador_retriever,0.98
844223788422217728,12,Margo,nan,https://pbs.twimg.com/media/C7dJCnqU4AAswat.jpg,Labrador_retriever,0.72
843856843873095681,12,Sadie,nan,https://pbs.twimg.com/media/C7X7Ui0XgAA3m19.jpg,Labrador_retriever,0.92
843235543001513987,13,Tycho,nan,https://pbs.twimg.com/media/C7PGQJAWwAAibui.jpg,Pembroke,0.96
842535590457499648,13,Winnie,nan,https://pbs.twimg.com/media/C7FJpgVW4AIDzi6.jpg,Pembroke,0.69
842163532590374912,12,George,nan,https://pbs.twimg.com/media/C6_3QgMWsAMNnAk.jpg,French_bulldog,0.89
841314665196081154,13,Max,nan,https://pbs.twimg.com/ext_tw_video_thumb/841311812641533952/pu/img/sBUGt8u76n9azPWI.jpg,Afghan_hound,0.9
841077006473256960,12,Dawn,nan,https://pbs.twimg.com/media/C6wbE5bXUAAh1Hv.jpg,Brittany_spaniel,0.96
840632337062862849,12,Maddie,nan,https://pbs.twimg.com/media/C6qGphPV4AEKrdc.jpg,golden_retriever,0.71
840268004936019968,12,Monty,nan,https://pbs.twimg.com/media/C6k7SaEXUAg83_J.jpg,Chesapeake_Bay_retriever,0.86
839990271299457024,13,Sojourner,nan,https://pbs.twimg.com/media/C6g-sX-VsAAHfJ9.jpg,Staffordshire_bullterrier,0.6
839239871831150596,13,Odie,nan,https://pbs.twimg.com/media/C6WUNadWYAAPxHv.jpg,Leonberg,0.93
838921590096166913,13,Arlo,nan,https://pbs.twimg.com/media/C6Ryuf7UoAAFX4a.jpg,Border_terrier,0.66
838476387338051585,13,Stanley,nan,https://pbs.twimg.com/media/C6Ld0wYWgAQQqMC.jpg,Great_Pyrenees,1.0
838083903487373313,13,Daisy,nan,https://pbs.twimg.com/media/C6F42cGUYAAIKsX.jpg,chow,0.8
837820167694528512,12,,puper,https://pbs.twimg.com/media/C6CI_jbVAAA3-a1.jpg,golden_retriever,0.89
837471256429613056,12,Vincent,nan,https://pbs.twimg.com/media/C59LpELWUAEUmYh.jpg,Norwegian_elkhound,0.98
837366284874571778,13,Lucy,nan,https://pbs.twimg.com/media/C57sMJwXMAASBSx.jpg,American_Staffordshire_terrier,0.66
837110210464448512,13,Clark,puper,https://pbs.twimg.com/media/C54DS1kXQAEU5pS.jpg,Siberian_husky,0.77
836001077879255040,13,,nan,https://pbs.twimg.com/media/C5oSiskU0AE8sJ_.jpg,Samoyed,0.96
835574547218894849,11,Eli,nan,https://pbs.twimg.com/media/C5iOnigWcAAU3Ry.jpg,Staffordshire_bullterrier,0.61
835172783151792128,12,,nan,https://pbs.twimg.com/media/C5chM_jWAAQmov9.jpg,Border_collie,0.66
834209720923721728,12,Wilson,nan,https://pbs.twimg.com/media/C5O1UAaWIAAMBMd.jpg,golden_retriever,0.75
833722901757046785,13,Bronte,nan,https://pbs.twimg.com/media/C5H6jmgW8AAevqq.jpg,West_Highland_white_terrier,0.92
833479644947025920,13,Poppy,nan,https://pbs.twimg.com/media/C5EdT4jWEAARv2C.jpg,golden_retriever,0.73
833124694597443584,12,Gidget,puper,https://pbs.twimg.com/media/C4_ad1IUoAEspsk.jpg,Cardigan,0.71
832397543355072512,12,Eevee,nan,https://pbs.twimg.com/media/C41FIiAW8AA7lMr.jpg,Pekinese,0.99
832040443403784192,12,Klein,nan,https://pbs.twimg.com/media/Cq9guJ5WgAADfpF.jpg,miniature_pinscher,0.8
832032802820481025,12,Miguel,doggo,https://pbs.twimg.com/media/C4v5a4UWcAIRygc.jpg,whippet,0.6
831911600680497154,14,Kuyu,nan,https://pbs.twimg.com/media/C4uLLGuUoAAkIHm.jpg,bloodhound,0.78
831670449226514432,13,Daisy,nan,https://pbs.twimg.com/media/C4qv3JUW8AADirb.jpg,Pembroke,0.62
831322785565769729,12,Pete,doggo,https://pbs.twimg.com/media/C4lzqQ4UEAApzU0.jpg,Old_English_sheepdog,1.0
831315979191906304,13,,puper,https://pbs.twimg.com/media/C4lst0bXAAE6MP8.jpg,briard,0.98
830583320585068544,13,Lilly,nan,https://pbs.twimg.com/media/C4bTH6nWMAAX_bJ.jpg,Labrador_retriever,0.91
829878982036299777,12,Loki,doggo,https://pbs.twimg.com/media/C3nygbBWQAAjwcW.jpg,golden_retriever,0.62
829501995190984704,12,Leo,nan,https://pbs.twimg.com/media/C4L7p19W8AA3Fs_.jpg,French_bulldog,0.95
829374341691346946,13,Astrid,doggo,https://pbs.twimg.com/media/C4KHj-nWQAA3poV.jpg,Staffordshire_bullterrier,0.76
828650029636317184,14,one,nan,https://pbs.twimg.com/media/C3_0yhCWEAETXj2.jpg,golden_retriever,0.65
828372645993398273,12,Alexander,nan,https://pbs.twimg.com/media/C374hb0WQAAIbQ-.jpg,malamute,0.66
828011680017821696,11,Brutus,nan,https://pbs.twimg.com/media/C32wOLcWYAAjNqS.jpg,American_Staffordshire_terrier,0.94
827933404142436356,12,Kona,puper,https://pbs.twimg.com/media/C31pCN4UcAAOLNH.jpg,German_shepherd,0.81
827199976799354881,13,Charlie,nan,https://pbs.twimg.com/media/C3rN-lcWEAA9CmR.jpg,Great_Dane,0.87
826958653328592898,12,Loki,doggo,https://pbs.twimg.com/media/C3nygbBWQAAjwcW.jpg,golden_retriever,0.62
826848821049180160,13,Cupid,doggo,https://pbs.twimg.com/media/C3mOnZ_XUAAjr2V.jpg,Great_Pyrenees,0.86
826598365270007810,13,Pawnd,nan,https://pbs.twimg.com/media/C3iq0EEXUAAdBYC.jpg,French_bulldog,0.63
826476773533745153,12,Pilot,doggo,https://pbs.twimg.com/media/C3g8M0lWIAEcFgn.jpg,German_shepherd,0.74
826240494070030336,11,,nan,https://pbs.twimg.com/media/C3dlVMbXAAUd-Gh.jpg,French_bulldog,0.9
826204788643753985,13,,doggo,https://pbs.twimg.com/media/C3dEza1WcAAhlNU.jpg,Labrador_retriever,0.78
825829644528148480,12,Toby,nan,https://pbs.twimg.com/media/C3XvqILXUAU2nnT.jpg,Great_Pyrenees,0.85
825535076884762624,14,,puppo,https://pbs.twimg.com/media/C3TjvitXAAAI-QH.jpg,Rottweiler,0.68
824775126675836928,12,Scooter,nan,https://pbs.twimg.com/media/C3Iwlr0WYAARVh4.jpg,Border_terrier,0.61
824325613288833024,13,,puper,https://pbs.twimg.com/media/C3CXxaoWQAAiLuC.jpg,Pembroke,0.99
822610361945911296,12,,nan,https://pbs.twimg.com/media/C2p_wQyXEAELtvS.jpg,cocker_spaniel,0.66
822462944365645825,14,Gabe,puper,https://pbs.twimg.com/media/C2n5rUUXEAIXAtv.jpg,Pomeranian,0.96
821813639212650496,12,Hercules,nan,https://pbs.twimg.com/media/CtVAvX-WIAAcGTf.jpg,Saint_Bernard,1.0
821765923262631936,13,Duchess,doggo,https://pbs.twimg.com/media/C2d_vnHWEAE9phX.jpg,golden_retriever,0.98
821522889702862852,13,Harlso,nan,https://pbs.twimg.com/media/C2aitIUXAAAG-Wi.jpg,Doberman,0.76
821107785811234820,11,,doggo,https://pbs.twimg.com/media/C2UpLA-UcAEK_Fz.jpg,Pomeranian,0.86
820749716845686786,13,Sunny,nan,https://pbs.twimg.com/media/C2PjgjQXcAAc4Uu.jpg,golden_retriever,0.84
820446719150292993,13,Peaches,nan,https://pbs.twimg.com/media/CxqsX-8XUAAEvjD.jpg,golden_retriever,0.94
820314633777061888,14,,nan,https://pbs.twimg.com/media/C2JXyARUAAE4gbL.jpg,Gordon_setter,0.94
819952236453363712,13,Oliver,puppo,https://pbs.twimg.com/media/C2EONHNWQAUWxkP.jpg,American_Staffordshire_terrier,0.93
819347104292290561,12,Anna,nan,https://pbs.twimg.com/media/C17n1nrWQAIErU3.jpg,Rottweiler,0.91
818145370475810820,11,Autumn,nan,https://pbs.twimg.com/media/C1qi26rW8AMaj9K.jpg,golden_retriever,0.62
817777686764523521,13,Dido,doggo,https://pbs.twimg.com/ext_tw_video_thumb/817777588030476288/pu/img/KbuLpE4krHF4VdPf.jpg,curly-coated_retriever,0.73
817536400337801217,12,Eugene,nan,https://pbs.twimg.com/media/C1h4_MEXUAARxQF.jpg,pug,0.97
817415592588222464,11,Strudel,nan,https://pbs.twimg.com/media/C1gLJVpWgAApI3r.jpg,Doberman,0.81
817056546584727552,11,Chloe,nan,https://pbs.twimg.com/media/C1bEl4zVIAASj7_.jpg,kelpie,0.86
816816676327063552,12,Timber,nan,https://pbs.twimg.com/media/C1XqbhXXUAElpfI.jpg,malamute,0.67
816697700272001025,12,Binky,nan,https://pbs.twimg.com/media/C1V-K63UAAEUHqw.jpg,Chihuahua,0.76
816336735214911488,11,Dudley,nan,https://pbs.twimg.com/media/C1Q17WdWEAAjKFO.jpg,Labrador_retriever,0.92
816091915477250048,12,Comet,nan,https://pbs.twimg.com/media/C1NXQ6NXUAEAxIQ.jpg,Pomeranian,0.97
816014286006976512,11,Larry,nan,https://pbs.twimg.com/media/CiibOMzUYAA9Mxz.jpg,English_setter,0.68
815639385530101762,12,Titan,nan,https://pbs.twimg.com/media/C1G7sXyWIAA10eH.jpg,German_shepherd,0.82
814986499976527872,11,Cooper,puper,https://pbs.twimg.com/media/C09p5dJWIAE5qKL.jpg,dalmatian,1.0
814638523311648768,12,Olivia,nan,https://pbs.twimg.com/media/C04taUjWIAA6Mo4.jpg,golden_retriever,0.65
814530161257443328,12,Alf,nan,https://pbs.twimg.com/media/C03K2-VWIAAK1iV.jpg,miniature_poodle,0.63
813910438903693312,11,Chubbs,doggo,https://pbs.twimg.com/media/C0uXObSXUAAIzmV.jpg,Siberian_husky,0.7
813812741911748608,14,Gary,nan,https://pbs.twimg.com/media/C0s-XtzWgAAp1W-.jpg,French_bulldog,0.71
813217897535406080,13,Atlas,nan,https://pbs.twimg.com/media/C0khWkVXEAI389B.jpg,Samoyed,0.91
813202720496779264,11,,doggo,https://pbs.twimg.com/media/C0kTjqIXgAAqpRi.jpg,cocker_spaniel,0.7
813187593374461952,13,,nan,https://pbs.twimg.com/media/C0kFzOQUoAAt6yb.jpg,golden_retriever,0.89
813142292504645637,13,,nan,https://pbs.twimg.com/media/C0jcmOKVQAAd0VR.jpg,beagle,0.85
813081950185472002,11,Baron,nan,https://pbs.twimg.com/media/C0ilsa1XUAEHK_k.jpg,Doberman,0.91
813066809284972545,12,Tyr,nan,https://pbs.twimg.com/media/C0iX8OOVEAEIpMC.jpg,toy_terrier,0.78
813051746834595840,13,Bauer,nan,https://pbs.twimg.com/media/C0iKPZIXUAAbDYV.jpg,golden_retriever,0.91
812781120811126785,10,Swagger,nan,https://pbs.twimg.com/media/C0eUHfWUAAANEYr.jpg,bull_mastiff,0.99
812372279581671427,13,Moe,nan,https://pbs.twimg.com/media/C0YgO3DW8AAz98O.jpg,golden_retriever,0.78
811985624773361665,11,Ted,nan,https://pbs.twimg.com/media/C0TAnZIUAAAADKs.jpg,Staffordshire_bullterrier,0.61
811386762094317568,11,Craig,puper,https://pbs.twimg.com/media/C0Kf9PtWQAEW4sE.jpg,Pembroke,0.8
810984652412424192,24,Sam,nan,https://pbs.twimg.com/media/C0EyPZbXAAAceSc.jpg,golden_retriever,0.87
810896069567610880,11,Hunter,nan,https://pbs.twimg.com/media/C0DhpcrUAAAnx88.jpg,flat-coated_retriever,0.82
810657578271330305,11,Pavlov,nan,https://pbs.twimg.com/media/C0AIwgVXAAAc1Ig.jpg,malamute,0.75
810284430598270976,13,Phil,nan,https://pbs.twimg.com/media/Cz61ZD4W8AAcJEU.jpg,malamute,0.62
809808892968534016,12,Maximus,nan,https://pbs.twimg.com/media/CwS4aqZXUAAe3IO.jpg,Labrador_retriever,0.86
809220051211603969,12,Kyro,nan,https://pbs.twimg.com/media/CzrtWDbWEAAmIhy.jpg,Pomeranian,0.82
809084759137812480,11,Wallace,nan,https://pbs.twimg.com/media/CzpyM41UoAE1b2w.jpg,vizsla,0.91
808134635716833280,13,Milo,nan,https://pbs.twimg.com/media/Cx5R8wPVEAALa9r.jpg,cocker_spaniel,0.74
808001312164028416,12,Cooper,nan,https://pbs.twimg.com/media/CzaY5UdUoAAC91S.jpg,Labrador_retriever,0.73
807621403335917568,14,Ollie,puper,https://pbs.twimg.com/media/CzU_YVGUUAA3Xsd.jpg,golden_retriever,0.87
807010152071229440,12,Lennon,nan,https://pbs.twimg.com/media/CzMTcZoXUAEKqEt.jpg,golden_retriever,0.61
806542213899489280,11,Waffles,nan,https://pbs.twimg.com/media/CzFp3FNW8AAfvV8.jpg,vizsla,0.94
806242860592926720,12,Dave,nan,https://pbs.twimg.com/media/Ct72q9jWcAAhlnw.jpg,Cardigan,0.59
806219024703037440,11,incredibly,nan,https://pbs.twimg.com/media/CzBD7MWVIAA5ptx.jpg,chow,0.84
805932879469572096,12,Major,nan,https://pbs.twimg.com/media/Cy8_qt0UUAAHuuN.jpg,Norwegian_elkhound,0.66
805520635690676224,13,Zeke,nan,https://pbs.twimg.com/media/Cy3IvdZXgAUoEaj.jpg,malinois,0.64
804738756058218496,12,Django,nan,https://pbs.twimg.com/media/CysBn-lWIAAoRx1.jpg,Tibetan_mastiff,0.92
803773340896923648,12,Diogi,puppo,https://pbs.twimg.com/media/CyeTku-XcAALkBd.jpg,miniature_pinscher,0.82
802952499103731712,12,Marley,nan,https://pbs.twimg.com/media/CySpCSHXcAAN-qC.jpg,chow,0.94
802572683846291456,12,Winnie,nan,https://pbs.twimg.com/media/CyNPmJgXcAECPuB.jpg,golden_retriever,0.61
802265048156610565,11,,doggo,https://pbs.twimg.com/media/CyI3zXgWEAACQfB.jpg,Labrador_retriever,0.9
802247111496568832,13,,nan,https://pbs.twimg.com/media/Cs_DYr1XEAA54Pu.jpg,Chihuahua,0.72
801167903437357056,13,Milo,nan,https://pbs.twimg.com/media/Cx5R8wPVEAALa9r.jpg,cocker_spaniel,0.74
801115127852503040,12,Bones,doggo,https://pbs.twimg.com/media/Cx4h7zHUsAAqaJd.jpg,dalmatian,0.82
800751577355128832,12,Mauve,nan,https://pbs.twimg.com/media/CxzXOyBW8AEu_Oi.jpg,cocker_spaniel,0.77
800513324630806528,11,Chef,nan,https://pbs.twimg.com/media/Cxv-nkJUoAAhzMt.jpg,Pembroke,0.83
800141422401830912,13,Peaches,nan,https://pbs.twimg.com/media/CxqsX-8XUAAEvjD.jpg,golden_retriever,0.94
799297110730567681,11,Jeffrey,nan,https://pbs.twimg.com/media/CxeseRgUoAM_SQK.jpg,malamute,0.99
798933969379225600,12,Iroh,nan,https://pbs.twimg.com/media/CxZiLcLXUAApMVy.jpg,Siberian_husky,0.7
798697898615730177,10,Stubert,nan,https://pbs.twimg.com/media/CeRoBaxWEAABi0X.jpg,Labrador_retriever,0.87
798694562394996736,12,,nan,https://pbs.twimg.com/media/Cbs3DOAXIAAp3Bd.jpg,Chihuahua,0.62
798628517273620480,12,,nan,https://pbs.twimg.com/media/CUN4Or5UAAAa5K4.jpg,beagle,0.64
797545162159308800,12,Cassie,nan,https://pbs.twimg.com/media/CxFzFAAUAAA5C9z.jpg,Pembroke,0.95
797236660651966464,12,Pancake,nan,https://pbs.twimg.com/media/CxBafisWQAAtJ1X.jpg,collie,0.77
796865951799083009,12,Tyr,nan,https://pbs.twimg.com/media/Cw8JWZ2UsAAJOZ6.jpg,Cardigan,0.84
796177847564038144,11,Ruby,nan,https://pbs.twimg.com/media/Cwx99rpW8AMk_Ie.jpg,golden_retriever,0.6
796149749086875649,11,Ruby,nan,https://pbs.twimg.com/media/Cwx99rpW8AMk_Ie.jpg,golden_retriever,0.6
796116448414461957,11,,nan,https://pbs.twimg.com/media/CwxfrguUUAA1cbl.jpg,Cardigan,0.7
796080075804475393,12,Yogi,nan,https://pbs.twimg.com/media/Cww-msrXcAAxm3K.jpg,chow,0.97
796031486298386433,13,Daisy,nan,https://pbs.twimg.com/media/CwwSaWJWIAASuoY.jpg,golden_retriever,0.89
795400264262053889,12,Brody,nan,https://pbs.twimg.com/media/CwnUUGTWIAE8sFR.jpg,golden_retriever,0.93
794332329137291264,12,Nimbus,nan,https://pbs.twimg.com/media/CwYJBiHXgAQlvrh.jpg,Samoyed,0.99
793962221541933056,12,Maximus,nan,https://pbs.twimg.com/media/CwS4aqZXUAAe3IO.jpg,Labrador_retriever,0.86
793845145112371200,13,Clark,nan,https://pbs.twimg.com/media/CwRN8H6WgAASe4X.jpg,Old_English_sheepdog,0.77
793614319594401792,13,,nan,https://pbs.twimg.com/media/CvyVxQRWEAAdSZS.jpg,golden_retriever,0.71
793195938047070209,12,Lily,puppo,https://pbs.twimg.com/media/CwH_foYWgAEvTyI.jpg,Labrador_retriever,0.65
793165685325201412,12,Benji,nan,https://pbs.twimg.com/media/CwHj-jGWAAAnsny.jpg,golden_retriever,0.95
793120401413079041,11,Robin,nan,https://pbs.twimg.com/media/CwG6zDfWcAA8jBD.jpg,Labrador_retriever,0.72
792773781206999040,12,Monster,nan,https://pbs.twimg.com/media/CwB_i-zXEAEiP29.jpg,Yorkshire_terrier,0.91
792394556390137856,12,BeBe,nan,https://pbs.twimg.com/media/Cv8moW9W8AIHOxR.jpg,cocker_spaniel,0.75
792050063153438720,11,Remus,nan,https://pbs.twimg.com/media/Cv3tU38WcAASFas.jpg,komondor,0.94
791672322847637504,13,,nan,https://pbs.twimg.com/media/CvyVxQRWEAAdSZS.jpg,golden_retriever,0.71
791406955684368384,12,Levi,nan,https://pbs.twimg.com/media/CvukbEkWAAAV-69.jpg,Pembroke,0.97
791312159183634433,12,Mabel,nan,https://pbs.twimg.com/media/CvtONV4WAAAQ3Rn.jpg,miniature_pinscher,0.89
790698755171364864,12,Mosby,nan,https://pbs.twimg.com/media/CvkgUjbUsAEvo7l.jpg,Bernese_mountain_dog,1.0
790337589677002753,12,Maggie,nan,https://pbs.twimg.com/media/CvfX2AnWYAAQTay.jpg,Pembroke,0.66
789599242079838210,12,Brownie,nan,https://pbs.twimg.com/media/CvU4UZpXgAE1pAV.jpg,Chesapeake_Bay_retriever,0.88
789268448748703744,10,Stella,nan,https://pbs.twimg.com/media/CvQLdotWcAAZn86.jpg,malamute,0.81
789137962068021249,12,Bo,nan,https://pbs.twimg.com/media/CvOUw8vWYAAzJDq.jpg,Chihuahua,0.75
788412144018661376,11,Dexter,nan,https://pbs.twimg.com/media/CvEAqQoWgAADj5K.jpg,golden_retriever,0.81
788178268662984705,13,,nan,https://pbs.twimg.com/media/CvAr88kW8AEKNAO.jpg,Samoyed,0.74
788150585577050112,13,Leo,nan,https://pbs.twimg.com/media/CvASw6dWcAQmo3X.jpg,chow,0.81
788070120937619456,11,Bo,nan,https://pbs.twimg.com/media/Co-hmcYXYAASkiG.jpg,golden_retriever,0.74
787717603741622272,13,Tonks,puppo,https://pbs.twimg.com/media/Cu6I9vvWIAAZG0a.jpg,German_shepherd,0.99
787397959788929025,11,Moose,nan,https://pbs.twimg.com/media/Cu1mQsDWEAAU_VQ.jpg,Chihuahua,0.9
786963064373534720,12,Rory,nan,https://pbs.twimg.com/media/Cuvau3MW8AAxaRv.jpg,golden_retriever,0.92
786595970293370880,11,Dale,nan,https://pbs.twimg.com/media/CuqM0fVWAAAboKR.jpg,Pembroke,0.71
786363235746385920,13,Rizzo,doggo,https://pbs.twimg.com/media/Cum5LlfWAAAyPcS.jpg,golden_retriever,0.93
786036967502913536,11,Scout,nan,https://pbs.twimg.com/media/CtKHLuCWYAA2TTs.jpg,golden_retriever,0.99
784517518371221505,11,Frankie,nan,https://pbs.twimg.com/media/CuMqhGrXYAQwRqU.jpg,malamute,0.76
784431430411685888,12,Stormy,nan,https://pbs.twimg.com/media/CuLcNkCXgAEIwK2.jpg,miniature_poodle,0.74
783466772167098368,11,Finn,nan,https://pbs.twimg.com/media/Ct9u3ljW8AEnVIm.jpg,Chihuahua,0.79
783391753726550016,13,Godi,nan,https://pbs.twimg.com/media/Ct8qn8EWIAAk9zP.jpg,Norwegian_elkhound,0.88
783347506784731136,11,Kenny,nan,https://pbs.twimg.com/media/CVuQ2LeUsAAIe3s.jpg,Cardigan,0.61
783334639985389568,12,Dave,nan,https://pbs.twimg.com/media/Ct72q9jWcAAhlnw.jpg,Cardigan,0.59
782598640137187329,11,Timmy,nan,https://pbs.twimg.com/media/CtxZTtxUMAEduGo.jpg,malamute,0.84
781251288990355457,11,Oakley,nan,https://pbs.twimg.com/media/CteP5H5WcAEhdLO.jpg,Mexican_hairless,0.89
781163403222056960,10,,nan,https://pbs.twimg.com/media/Ctc_-BTWEAAQpZh.jpg,Shetland_sheepdog,0.97
780800785462489090,11,Koda,nan,https://pbs.twimg.com/media/CtX2Kr9XYAAuxrM.jpg,Siberian_husky,0.95
780601303617732608,12,Hercules,nan,https://pbs.twimg.com/media/CtVAvX-WIAAcGTf.jpg,Saint_Bernard,1.0
780543529827336192,12,,nan,https://pbs.twimg.com/media/CtUMLzRXgAAbZK5.jpg,golden_retriever,0.63
780496263422808064,12,Bell,nan,https://pbs.twimg.com/media/Ck2d7tJWUAEPTL3.jpg,pug,1.0
780476555013349377,12,,nan,https://pbs.twimg.com/tweet_video_thumb/CtTFZZfUsAE5hgp.jpg,pug,0.92
779834332596887552,11,Scout,nan,https://pbs.twimg.com/media/CtKHLuCWYAA2TTs.jpg,golden_retriever,0.99
779056095788752897,13,,nan,https://pbs.twimg.com/media/Cs_DYr1XEAA54Pu.jpg,Chihuahua,0.72
778990705243029504,11,Jay,nan,https://pbs.twimg.com/media/Cs-H5uhWcAAiNY9.jpg,cocker_spaniel,0.72
778624900596654080,11,Penny,nan,https://pbs.twimg.com/media/Cs47N3eWcAEmgiW.jpg,Airedale,0.79
778408200802557953,14,,nan,https://pbs.twimg.com/media/Cs12ICuWAAECNRy.jpg,Pembroke,0.85
778039087836069888,12,,puper,https://pbs.twimg.com/media/CswmaHmWAAAbdY9.jpg,German_shepherd,0.72
778027034220126208,27,Sophie,puper,https://pbs.twimg.com/media/Cswbc2yWcAAVsCJ.jpg,clumber,0.95
777641927919427584,12,Arnie,nan,https://pbs.twimg.com/media/CmoPdmHW8AAi8BI.jpg,golden_retriever,0.96
777621514455814149,12,Derek,nan,https://pbs.twimg.com/media/Csqqoo5WEAAMTVW.jpg,chow,1.0
777189768882946048,12,Jeffrey,nan,https://pbs.twimg.com/media/Cskh9nRWYAAUxBP.jpg,Chihuahua,0.99
776477788987613185,11,Huck,puper,https://pbs.twimg.com/media/CsaaaaxWgAEfzM7.jpg,Labrador_retriever,0.88
776218204058357768,13,,floofer,https://pbs.twimg.com/media/CsWuVEdWcAAqbe9.jpg,Samoyed,0.94
775898661951791106,12,,doggo,https://pbs.twimg.com/media/CiyHLocU4AI2pJu.jpg,golden_retriever,0.95
774757898236878852,12,Finley,nan,https://pbs.twimg.com/media/CsB-MYiXgAEQU20.jpg,toy_poodle,0.72
774639387460112384,10,Sprinkles,nan,https://pbs.twimg.com/media/CsASZqRW8AA3Szw.jpg,Walker_hound,0.63
774314403806253056,14,,nan,https://pbs.twimg.com/media/Cr7q1VxWIAA5Nm7.jpg,Eskimo_dog,0.6
773670353721753600,10,Shakespeare,nan,https://pbs.twimg.com/media/CryhFC0XEAA9wp_.jpg,Old_English_sheepdog,0.97
772826264096874500,11,Roosevelt,nan,https://pbs.twimg.com/media/CrmhYYIXEAEcyYY.jpg,basset,0.92
772114945936949249,10,Finn,nan,https://pbs.twimg.com/media/Crcacf9WgAEcrMh.jpg,Chihuahua,0.8
771500966810099713,12,Dakota,nan,https://pbs.twimg.com/media/CrTsCPHWYAANdzC.jpg,Labrador_retriever,0.83
771171053431250945,11,Frankie,nan,https://pbs.twimg.com/media/CVgdFjNWEAAxmbq.jpg,Samoyed,0.98
770787852854652928,10,Winston,nan,https://pbs.twimg.com/media/CrJjdZmXgAEWLSD.jpg,Bernese_mountain_dog,0.79
770772759874076672,11,Sebastian,nan,https://pbs.twimg.com/media/CrJVupHXgAA4Dkk.jpg,chow,0.98
770293558247038976,10,Jackson,nan,https://pbs.twimg.com/media/CrCh5RgW8AAXW4U.jpg,Italian_greyhound,0.93
770093767776997377,12,just,doggo,https://pbs.twimg.com/media/CkjMx99UoAM2B1a.jpg,golden_retriever,0.84
769940425801170949,12,Klein,nan,https://pbs.twimg.com/media/Cq9guJ5WgAADfpF.jpg,miniature_pinscher,0.8
768855141948723200,11,Jesse,nan,https://pbs.twimg.com/media/CquFrCKWAAAr32m.jpg,chow,0.72
768596291618299904,12,Oakley,nan,https://pbs.twimg.com/media/CqqaPjqWIAAOyNL.jpg,Great_Pyrenees,0.73
768473857036525572,11,Chevy,nan,https://pbs.twimg.com/media/Cqoq5PGWAAA-U8T.jpg,Labrador_retriever,0.74
767122157629476866,13,Rupert,nan,https://pbs.twimg.com/media/CqVdiBJWIAEDZB4.jpg,toy_poodle,0.87
766693177336135680,11,Brudge,nan,https://pbs.twimg.com/media/CqPXYLLXEAAU2HC.jpg,Doberman,0.95
766423258543644672,9,Shadoe,nan,https://pbs.twimg.com/media/CqLh4yJWcAAHomv.jpg,keeshond,1.0
766313316352462849,12,Oscar,nan,https://pbs.twimg.com/media/CqJ95SRWgAATPK_.jpg,toy_poodle,0.97
766008592277377025,11,Angel,nan,https://pbs.twimg.com/media/CqFouXOXYAAYpzG.jpg,Welsh_springer_spaniel,0.73
765719909049503744,12,Brat,nan,https://pbs.twimg.com/media/CqBiMAgWAAEJKgI.jpg,golden_retriever,0.97
765669560888528897,12,Tove,nan,https://pbs.twimg.com/media/CqA0XcYWAAAzltT.jpg,beagle,0.99
765371061932261376,11,Louie,puper,https://pbs.twimg.com/media/Cp8k6oRWcAUL78U.jpg,golden_retriever,0.83
764857477905154048,12,Aubie,nan,https://pbs.twimg.com/media/Cp1R0ZTWcAAaPO4.jpg,Bernese_mountain_dog,0.79
764259802650378240,10,Kota,nan,https://pbs.twimg.com/media/CpsyNtXWgAAqvs3.jpg,German_shepherd,0.97
762464539388485633,12,Buddy,nan,https://pbs.twimg.com/media/CpTRc4DUEAAYTq6.jpg,chow,1.0
761334018830917632,10,Bruce,nan,https://pbs.twimg.com/media/CpDNQGkWEAENiYZ.jpg,Norwegian_elkhound,0.82
761292947749015552,11,Bonaparte,nan,https://pbs.twimg.com/media/CpCn5aXXgAAOPTm.jpg,standard_poodle,0.66
761004547850530816,11,Bo,nan,https://pbs.twimg.com/media/Co-hmcYXYAASkiG.jpg,golden_retriever,0.74
760656994973933572,11,Rose,nan,https://pbs.twimg.com/media/Co5lf-KW8AAIwJw.jpg,golden_retriever,0.76
760539183865880579,12,Atlas,nan,https://pbs.twimg.com/media/Co36VZfWcAEN3R3.jpg,Samoyed,0.99
759793422261743616,12,Maggie,doggo,https://pbs.twimg.com/media/CotUFZEWcAA2Pku.jpg,golden_retriever,0.99
759566828574212096,10,,nan,https://pbs.twimg.com/media/CkNjahBXAAQ2kWo.jpg,Labrador_retriever,0.97
759557299618865152,10,Emma,nan,https://pbs.twimg.com/media/Cop9VVUXgAAhX9u.jpg,golden_retriever,0.76
759047813560868866,11,Spencer,nan,https://pbs.twimg.com/media/Coit84_VYAEMtLi.jpg,Labrador_retriever,0.78
758740312047005698,12,Boston,nan,https://pbs.twimg.com/media/CoeWSJcUIAAv3Bq.jpg,Chesapeake_Bay_retriever,0.85
758405701903519748,10,Odie,nan,https://pbs.twimg.com/media/CoZl9fXWgAMox0n.jpg,Chesapeake_Bay_retriever,0.7
758355060040593408,11,Corey,nan,https://pbs.twimg.com/media/CoY324eWYAEiDOG.jpg,Pembroke,0.99
757611664640446465,12,Cooper,nan,https://pbs.twimg.com/media/CoOTyXJXEAAtjs9.jpg,bluetick,0.83
757393109802180609,10,,doggo,https://pbs.twimg.com/media/CoLNAq6WAAAkmdJ.jpg,Labrador_retriever,0.79
757354760399941633,8,Devón,nan,https://pbs.twimg.com/media/CoKqIndWgAAattd.jpg,Italian_greyhound,0.91
756998049151549440,11,Oliver,nan,https://pbs.twimg.com/media/CoFlsGAWgAA2YeV.jpg,golden_retriever,0.68
756939218950160384,12,Jax,puper,https://pbs.twimg.com/media/CoEwMXeWEAAaIz5.jpg,golden_retriever,0.79
756303284449767430,11,,nan,https://pbs.twimg.com/media/Cn7tyyZWYAAPlAY.jpg,golden_retriever,0.98
756275833623502848,10,,puppo,https://pbs.twimg.com/media/Cn7U2xlW8AI9Pqp.jpg,Airedale,0.6
755955933503782912,12,,puper,https://pbs.twimg.com/ext_tw_video_thumb/755955658164465664/pu/img/YcjfthN7C3z61GUj.jpg,Pekinese,0.6
755110668769038337,13,Watson,nan,https://pbs.twimg.com/ext_tw_video_thumb/755110610942169088/pu/img/3-INz45pSRMkzOEF.jpg,Labrador_retriever,0.71
754856583969079297,11,Winnie,nan,https://pbs.twimg.com/media/CnnKCKNWgAAcOB8.jpg,golden_retriever,0.87
754449512966619136,11,Dex,nan,https://pbs.twimg.com/media/CnhXzpvW8AAQ1MB.jpg,beagle,0.86
754011816964026368,12,Charlie,nan,https://pbs.twimg.com/media/CnbJuPoXEAAjcVF.jpg,French_bulldog,0.6
753026973505581056,10,Tayzie,nan,https://pbs.twimg.com/media/CnNKCKKWEAASCMI.jpg,Pembroke,0.87
752917284578922496,11,Grizzie,nan,https://pbs.twimg.com/media/CnLmRiYXEAAO_8f.jpg,German_shepherd,0.61
751830394383790080,12,Tucker,nan,https://pbs.twimg.com/media/Cm8JwBqW8AAFOEn.jpg,chow,0.7
751598357617971201,13,Toby,nan,https://pbs.twimg.com/media/Cm42t5vXEAAv4CS.jpg,toy_poodle,0.76
751583847268179968,5,,doggo,https://pbs.twimg.com/media/Cm4phTpWcAAgLsr.jpg,dalmatian,0.87
751456908746354688,12,,puper,https://pbs.twimg.com/ext_tw_video_thumb/751456786360725504/pu/img/hWqfIQ29A0cBv6f_.jpg,golden_retriever,0.71
751205363882532864,12,,nan,https://pbs.twimg.com/media/CmzRRY1WcAEoxwY.jpg,Labrador_retriever,0.95
751132876104687617,10,Cooper,puppo,https://pbs.twimg.com/media/CmyPXNOW8AEtaJ-.jpg,Labrador_retriever,0.93
750868782890057730,11,Milo,puper,https://pbs.twimg.com/media/CmufLLsXYAAsU0r.jpg,toy_poodle,0.91
750719632563142656,12,Meyer,nan,https://pbs.twimg.com/media/CmsXg9AWgAAs6Ui.jpg,Pembroke,0.97
750429297815552001,12,Arnie,nan,https://pbs.twimg.com/media/CmoPdmHW8AAi8BI.jpg,golden_retriever,0.96
750383411068534784,9,Zoe,puper,https://pbs.twimg.com/media/CmnluwbXEAAqnkw.jpg,Border_collie,0.67
750147208377409536,13,,nan,https://pbs.twimg.com/media/CmkO57iXgAEOxX9.jpg,pug,0.98
750117059602808832,10,Calvin,nan,https://pbs.twimg.com/media/Cmjzc-oWEAESFCm.jpg,Shih-Tzu,0.81
750086836815486976,12,Spanky,nan,https://pbs.twimg.com/media/Cmf5WLGWYAAcmRw.jpg,pug,0.98
749774190421639168,12,Lucy,nan,https://pbs.twimg.com/media/Cme7pg2XEAATMnP.jpg,Pekinese,0.88
749417653287129088,11,Finn,puper,https://pbs.twimg.com/media/CmZ3YH9WEAAowi3.jpg,papillon,0.77
749403093750648834,10,,nan,https://pbs.twimg.com/media/CmZqIslWIAQFiqe.jpg,Chesapeake_Bay_retriever,0.69
749395845976588288,10,George,nan,https://pbs.twimg.com/media/CmZjizYW8AA3FCN.jpg,Pomeranian,0.97
749064354620928000,11,Winston,nan,https://pbs.twimg.com/media/CmU2DVWWgAArvp3.jpg,pug,0.99
748977405889503236,10,not,nan,https://pbs.twimg.com/media/CmTm-XQXEAAEyN6.jpg,German_short-haired_pointer,0.74
748932637671223296,13,Divine,doggo,https://pbs.twimg.com/media/CmS-QkQWAAAkUa-.jpg,borzoi,0.74
748699167502000129,11,Tripp,nan,https://pbs.twimg.com/media/CmPp5pOXgAAD_SG.jpg,Pembroke,0.85
748346686624440324,10,,nan,https://pbs.twimg.com/media/CmKpVtlWAAEnyHm.jpg,borzoi,0.6
748324050481647620,11,Duke,nan,https://pbs.twimg.com/media/CmKUwImXIAA58f5.jpg,Shetland_sheepdog,0.88
747933425676525569,11,,nan,https://pbs.twimg.com/media/CmExV2qWkAAn_pN.jpg,Samoyed,1.0
747816857231626240,4,a,nan,https://pbs.twimg.com/media/CmDHdCoWkAACTB4.jpg,Pembroke,0.77
747600769478692864,10,Bookstore,nan,https://pbs.twimg.com/media/CmAC7ehXEAAqSuW.jpg,Chesapeake_Bay_retriever,0.8
747103485104099331,11,,nan,https://pbs.twimg.com/media/Cl4-pevXEAAb8VW.jpg,Labrador_retriever,0.99
746790600704425984,10,,nan,https://pbs.twimg.com/media/Cl0iFdeXEAQtPyT.jpg,Boston_bull,0.94
746369468511756288,9,an,nan,https://pbs.twimg.com/media/ClujESVXEAA4uH8.jpg,German_shepherd,0.62
745789745784041472,10,Gus,nan,https://pbs.twimg.com/media/ClmT0KHWkAAXbhy.jpg,Pekinese,0.98
745422732645535745,9,very,nan,https://pbs.twimg.com/media/ClhGBCAWIAAFCsz.jpg,Labrador_retriever,0.66
745057283344719872,12,Oliver,nan,https://pbs.twimg.com/media/Clb5pLJWMAE-QS1.jpg,Shetland_sheepdog,0.96
744334592493166593,11,Blanket,nan,https://pbs.twimg.com/media/ClRoXGwWIAEVVzc.jpg,Samoyed,0.96
744234799360020481,13,,doggo,https://pbs.twimg.com/ext_tw_video_thumb/744234667679821824/pu/img/1GaWmtJtdqzZV7jy.jpg,Labrador_retriever,0.83
743980027717509120,11,Geno,nan,https://pbs.twimg.com/media/ClMl4VLUYAA5qBb.jpg,bull_mastiff,0.98
743609206067040256,10,Stark,nan,https://pbs.twimg.com/media/ClHUkhQWAAAy7Yj.jpg,Weimaraner,0.98
743210557239623680,10,Kayla,nan,https://pbs.twimg.com/media/ClBqDuDWkAALK2e.jpg,golden_retriever,0.93
742423170473463808,12,Bell,nan,https://pbs.twimg.com/media/Ck2d7tJWUAEPTL3.jpg,pug,1.0
741743634094141440,11,Aqua,puper,https://pbs.twimg.com/media/Cksz42EW0AAh2NF.jpg,Labrador_retriever,0.79
741303864243200000,12,Theodore,nan,https://pbs.twimg.com/media/Ckmj7mNWYAA4NzZ.jpg,Chihuahua,0.77
741067306818797568,12,just,doggo,https://pbs.twimg.com/media/CkjMx99UoAM2B1a.jpg,golden_retriever,0.84
740373189193256964,9,,nan,https://pbs.twimg.com/media/CkZVdJ6WYAAXZ5A.jpg,golden_retriever,0.81
740359016048689152,9,Chase,nan,https://pbs.twimg.com/media/CkZImGVUoAAwv0b.jpg,golden_retriever,0.86
739606147276148736,9,Benji,puper,https://pbs.twimg.com/media/CkOb3FXW0AAUL_U.jpg,Blenheim_spaniel,0.93
739544079319588864,10,,nan,https://pbs.twimg.com/media/CkNjahBXAAQ2kWo.jpg,Labrador_retriever,0.97
739485634323156992,6,Kyle,nan,https://pbs.twimg.com/media/CkMuP7SWkAAD-2R.jpg,Walker_hound,0.64
738883359779196928,10,,nan,https://pbs.twimg.com/media/CkEKe3QWYAAwoDy.jpg,Labrador_retriever,0.69
738537504001953792,11,Bayley,puppo,https://pbs.twimg.com/media/Cj_P7rSUgAAYQbz.jpg,chow,0.81
738166403467907072,12,Axel,nan,https://pbs.twimg.com/media/Cj5-aUQUgAAb43p.jpg,keeshond,0.88
738156290900254721,10,Storkson,nan,https://pbs.twimg.com/media/Cj51Oj3VAAEVe4O.jpg,pug,0.75
737826014890496000,10,Remy,nan,https://pbs.twimg.com/media/Cj1I1fbWYAAOwff.jpg,vizsla,0.99
737678689543020544,11,,nan,https://pbs.twimg.com/media/CjzC2oGWYAAyIfG.jpg,Pembroke,0.94
735991953473572864,11,Maxaroni,nan,https://pbs.twimg.com/media/CjbExRKUoAAs089.jpg,cocker_spaniel,0.96
735635087207878657,11,Dakota,nan,https://pbs.twimg.com/media/CjWANBlVAAAaN-a.jpg,pug,0.89
734912297295085568,10,Jax,nan,https://pbs.twimg.com/media/CjLuzPvUoAAbU5k.jpg,Maltese_dog,0.85
734787690684657664,13,,nan,https://pbs.twimg.com/media/CjJ9gQ1WgAAXQtJ.jpg,golden_retriever,0.88
733482008106668032,10,,nan,https://pbs.twimg.com/media/Ci3Z_idUkAA8RUh.jpg,French_bulldog,0.62
733460102733135873,11,Hermione,nan,https://pbs.twimg.com/media/Ci3GDeyUoAAKOxn.jpg,chow,0.93
733109485275860992,12,,doggo,https://pbs.twimg.com/media/CiyHLocU4AI2pJu.jpg,golden_retriever,0.95
732726085725589504,11,Aldrick,nan,https://pbs.twimg.com/media/CisqdVcXEAE3iW7.jpg,Pomeranian,0.96
732585889486888962,10,,nan,https://pbs.twimg.com/media/Ciqq-VFUUAANlWm.jpg,Staffordshire_bullterrier,0.84
732005617171337216,11,Larry,nan,https://pbs.twimg.com/media/CiibOMzUYAA9Mxz.jpg,English_setter,0.68
731285275100512256,12,Solomon,nan,https://pbs.twimg.com/media/CiYME3tVAAENz99.jpg,Pembroke,0.97
730573383004487680,10,Rooney,puper,https://pbs.twimg.com/media/CiOEnI6WgAAmq4E.jpg,American_Staffordshire_terrier,0.81
730427201120833536,11,Crystal,nan,https://pbs.twimg.com/media/CiL_qh0W0AAu5VA.jpg,Eskimo_dog,0.68
729463711119904772,13,Pupcasso,nan,https://pbs.twimg.com/media/Ch-TXpFXAAAwPGf.jpg,German_shepherd,0.83
728986383096946689,11,Puff,nan,https://pbs.twimg.com/media/Ch3hOGWUYAE7w0y.jpg,Maltese_dog,0.95
728760639972315136,13,,nan,https://pbs.twimg.com/media/Ch0T71OWMAA4yIw.jpg,Pembroke,0.94
727524757080539137,10,,puper,https://pbs.twimg.com/media/Chiv6BAW4AAiQvH.jpg,Pomeranian,0.96
727314416056803329,11,,puper,https://pbs.twimg.com/media/Chfwmd9U4AQTf1b.jpg,toy_poodle,0.83
727175381690781696,10,Karll,nan,https://pbs.twimg.com/media/ChdyJvdWwAA5HGd.jpg,flat-coated_retriever,0.66
725729321944506368,12,Lola,nan,https://pbs.twimg.com/media/ChJO9YaWYAEL0zC.jpg,boxer,0.6
724983749226668032,12,Fred,nan,https://pbs.twimg.com/media/Cg-o3w0WgAANXdv.jpg,golden_retriever,0.68
724771698126512129,11,,doggo,https://pbs.twimg.com/media/Cg7n_-OU8AA5RR1.jpg,German_short-haired_pointer,0.84
724046343203856385,10,Sarge,nan,https://pbs.twimg.com/media/CgxUTS_XEAAC0pv.jpg,boxer,0.83
723912936180330496,12,Sugar,nan,https://pbs.twimg.com/media/Cgva-QqUUAA7Hv9.jpg,Samoyed,0.99
723673163800948736,10,Ivar,nan,https://pbs.twimg.com/media/CgsA5eFWgAAu0qn.jpg,golden_retriever,0.84
721503162398597120,11,Panda,nan,https://pbs.twimg.com/media/CgNLS1PW8AAxWSN.jpg,Pomeranian,1.0
721001180231503872,11,Oliver,puper,https://pbs.twimg.com/media/CgGCvxAUkAAx55r.jpg,Samoyed,0.95
720785406564900865,12,Archie,nan,https://pbs.twimg.com/media/CgC-gMCWcAAawUE.jpg,Chihuahua,0.9
720415127506415616,10,,nan,https://pbs.twimg.com/media/Cf9tuHUWsAAHSrV.jpg,Rottweiler,0.99
720389942216527872,11,Ralphé,nan,https://pbs.twimg.com/media/Cf9W1J-UMAErahM.jpg,Pembroke,0.87
720043174954147842,11,Neptune,nan,https://pbs.twimg.com/media/Cf4bcm8XEAAX4xV.jpg,Samoyed,0.95
719991154352222208,10,,doggo,https://pbs.twimg.com/media/Cf3sH62VAAA-LiP.jpg,golden_retriever,0.61
719551379208073216,10,Harnold,nan,https://pbs.twimg.com/media/CfxcKU6W8AE-wEx.jpg,malamute,0.87
719339463458033665,10,Lucy,nan,https://pbs.twimg.com/media/Cfuba6NW4AIeMHk.jpg,golden_retriever,0.77
718939241951195136,12,Otis,nan,https://pbs.twimg.com/media/CfovbK4WIAAkTn3.jpg,Pembroke,0.77
718631497683582976,10,,nan,https://pbs.twimg.com/media/CfkXiX6W4AAmICF.jpg,Pomeranian,0.99
718540630683709445,10,,nan,https://pbs.twimg.com/media/CfjE5FRXEAErFWR.jpg,Maltese_dog,0.63
717841801130979328,11,Barclay,nan,https://pbs.twimg.com/media/CfZJTphWAAAl5Ys.jpg,Brittany_spaniel,0.92
717537687239008257,11,a,nan,https://pbs.twimg.com/media/CfU0t75W4AAUo9V.jpg,golden_retriever,0.78
717047459982213120,12,Flávio,nan,https://pbs.twimg.com/media/CfN23ArXEAEkZkz.jpg,golden_retriever,0.98
716802964044845056,10,Link,nan,https://pbs.twimg.com/media/CfKYfeBXIAAopp2.jpg,malinois,0.62
716080869887381504,11,,doggo,https://pbs.twimg.com/media/CfAHv83UMAIEQYx.jpg,golden_retriever,0.64
715928423106027520,11,Bubbles,nan,https://pbs.twimg.com/media/Ce99GhLW8AAHG38.jpg,pug,0.98
715733265223708672,10,a,nan,https://pbs.twimg.com/media/Ce7LlUeUUAEQkQl.jpg,Dandie_Dinmont,0.74
715680795826982913,12,Zeus,nan,https://pbs.twimg.com/media/Ce6b4MPWwAA22Xm.jpg,golden_retriever,0.99
715342466308784130,10,Oscar,nan,https://pbs.twimg.com/media/Ce1oLNqWAAE34w7.jpg,West_Highland_white_terrier,0.6
715200624753819648,12,Michelangelope,nan,https://pbs.twimg.com/media/CeznK6IWEAEFUPq.jpg,Chihuahua,0.96
714982300363173890,9,Calbert,nan,https://pbs.twimg.com/media/CewgnHAXEAAdbld.jpg,Brittany_spaniel,0.94
714251586676113411,8,Thumas,nan,https://pbs.twimg.com/media/CemIBt4WwAQqhVV.jpg,soft-coated_wheaten_terrier,0.75
713761197720473600,12,Piper,nan,https://pbs.twimg.com/media/CefKBOuWIAAIlKD.jpg,Brittany_spaniel,0.8
713411074226274305,11,,nan,https://pbs.twimg.com/media/CeaLlAPUMAIcC7U.jpg,Great_Pyrenees,0.72
713177543487135744,10,Lance,nan,https://pbs.twimg.com/media/CeW3MWMWQAEOMbq.jpg,whippet,0.73
712809025985978368,10,Stubert,nan,https://pbs.twimg.com/media/CeRoBaxWEAABi0X.jpg,Labrador_retriever,0.87
712717840512598017,10,,nan,https://pbs.twimg.com/media/CeQVF1eVIAAJaTv.jpg,Great_Pyrenees,0.73
712668654853337088,10,Sunny,nan,https://pbs.twimg.com/media/CePoVTyWsAQEz1g.jpg,Labrador_retriever,0.83
712097430750289920,10,,nan,https://pbs.twimg.com/media/CeHg1klW8AE4YOB.jpg,Labrador_retriever,0.72
712085617388212225,11,Olive,nan,https://pbs.twimg.com/media/CeHWFksXIAAyypp.jpg,Shih-Tzu,0.63
711363825979756544,11,,nan,https://pbs.twimg.com/media/Cd9Fn5QUMAAYMT4.jpg,Pembroke,0.75
711008018775851008,11,Chuckles,puper,https://pbs.twimg.com/media/Cd4CBQFW8AAY3ND.jpg,French_bulldog,0.73
710833117892898816,12,Sora,nan,https://pbs.twimg.com/media/Cd1i8qvUkAE-Jlr.jpg,Pembroke,0.8
710588934686908417,12,Beemo,nan,https://pbs.twimg.com/media/CdyE2x1W8AAe0TG.jpg,Pembroke,0.98
710283270106132480,11,Gunner,nan,https://pbs.twimg.com/media/Cdtu3WRUkAAsRVx.jpg,Shih-Tzu,0.93
710140971284037632,8,Tater,nan,https://pbs.twimg.com/media/Cdrtcr-W4AAqi5H.jpg,Pekinese,0.95
710117014656950272,11,,puper,https://pbs.twimg.com/media/CdrXp9dWoAAcRfn.jpg,toy_poodle,0.8
709918798883774466,12,Watson,nan,https://pbs.twimg.com/media/CdojYQmW8AApv4h.jpg,Pembroke,0.96
709852847387627521,12,,nan,https://pbs.twimg.com/media/CdnnZhhWAAEAoUc.jpg,Chihuahua,0.95
709566166965075968,12,Olaf,nan,https://pbs.twimg.com/media/Cdjiqi6XIAIUOg-.jpg,chow,1.0
709556954897764353,12,Cecil,nan,https://pbs.twimg.com/media/CdjaSFCWAAAJZh3.jpg,golden_retriever,0.79
709449600415961088,10,Karma,nan,https://pbs.twimg.com/media/Cdh4pgAW0AEKJ_a.jpg,Maltese_dog,0.78
709409458133323776,8,Billy,nan,https://pbs.twimg.com/media/CdhUIMSUIAA4wYK.jpg,Shetland_sheepdog,0.8
709207347839836162,11,Penny,nan,https://pbs.twimg.com/media/CdecUSzUIAAHCvg.jpg,Chihuahua,0.95
708845821941387268,9,,puper,https://pbs.twimg.com/media/CdZTgynWwAATZcx.jpg,schipperke,0.75
708810915978854401,10,Mister,nan,https://pbs.twimg.com/media/CdYzwuYUIAAHPkB.jpg,golden_retriever,0.98
708738143638450176,11,Coco,nan,https://pbs.twimg.com/media/CdXxlFPWwAABaOv.jpg,Pomeranian,0.93
708469915515297792,11,Bobble,nan,https://pbs.twimg.com/media/CdT9n7mW0AQcpZU.jpg,Chihuahua,0.75
708356463048204288,10,Oliver,nan,https://pbs.twimg.com/media/CdSWcc1XIAAXc6H.jpg,pug,0.87
708130923141795840,11,,nan,https://pbs.twimg.com/media/CdPJUWIWIAAIchl.jpg,French_bulldog,0.71
708026248782585858,13,,nan,https://pbs.twimg.com/ext_tw_video_thumb/708026062568087553/pu/img/rNhylAwIfb6YthGu.jpg,malinois,0.79
707969809498152960,11,Rufus,nan,https://pbs.twimg.com/media/CdM2xRpXEAUsR4k.jpg,toy_poodle,0.91
707776935007539200,11,Sadie,nan,https://pbs.twimg.com/media/CdKHWimWoAABs08.jpg,miniature_pinscher,0.89
707741517457260545,10,,nan,https://pbs.twimg.com/media/CdJnJ1dUEAARNcf.jpg,whippet,0.74
707411934438625280,11,,puper,https://pbs.twimg.com/media/CdE7ZktXIAEiWLj.jpg,Lakeland_terrier,0.74
707387676719185920,10,Clarkus,nan,https://pbs.twimg.com/media/CdElVm7XEAADP6o.jpg,Chihuahua,0.89
707377100785885184,9,,nan,https://pbs.twimg.com/media/CdEbt0NXIAQH3Aa.jpg,golden_retriever,0.64
707315916783140866,10,Finnegus,puper,https://pbs.twimg.com/media/CdDkEkHWwAAAeUJ.jpg,Bernese_mountain_dog,0.98
707059547140169728,11,Cupcake,nan,https://pbs.twimg.com/media/Cc_64zVWEAAeXs7.jpg,Samoyed,0.9
707038192327901184,10,Kathmandu,nan,https://pbs.twimg.com/media/Cc_ney1W4AANuY3.jpg,pug,0.64
706681918348251136,12,Katie,nan,https://pbs.twimg.com/media/Cc6jcYRXIAAFuox.jpg,toy_poodle,0.72
706516534877929472,12,,nan,https://pbs.twimg.com/media/Cc4NCQiXEAEx2eJ.jpg,golden_retriever,0.77
706346369204748288,12,Koda,nan,https://pbs.twimg.com/media/Cc1yRE2WoAAgxFQ.jpg,Tibetan_mastiff,0.96
706310011488698368,12,,puper,https://pbs.twimg.com/media/Cc1RNHLW4AACG6H.jpg,Pembroke,0.7
706265994973601792,11,Kara,nan,https://pbs.twimg.com/media/Cc0pLU0WAAEfGEw.jpg,papillon,0.74
705970349788291072,12,Lucy,nan,https://pbs.twimg.com/media/CcwcSS9WwAALE4f.jpg,golden_retriever,0.78
705898680587526145,10,Max,nan,https://pbs.twimg.com/media/CcvbGj5W8AARjB6.jpg,collie,0.81
705591895322394625,11,,nan,https://pbs.twimg.com/media/CcrEFQdUcAA7CJf.jpg,basenji,0.88
705475953783398401,12,Zara,nan,https://pbs.twimg.com/media/CcpaoR9WAAAKlJJ.jpg,golden_retriever,0.91
705428427625635840,11,Ambrose,puper,https://pbs.twimg.com/media/CcovaMUXIAApFDl.jpg,Chihuahua,0.77
705066031337840642,12,Reese,nan,https://pbs.twimg.com/media/CcjlzRkW0AMqmWg.jpg,Airedale,0.87
704871453724954624,12,,nan,https://pbs.twimg.com/media/Ccg02LiWEAAJHw1.jpg,Norfolk_terrier,0.69
704847917308362754,12,,nan,https://pbs.twimg.com/media/CcgfcANW4AA9hzr.jpg,golden_retriever,0.86
704480331685040129,11,Lucia,nan,https://pbs.twimg.com/media/CcbRIAgXIAQaKHQ.jpg,Samoyed,0.98
704364645503647744,12,Bisquick,nan,https://pbs.twimg.com/media/CcZn6RWWIAAmOZG.jpg,Pembroke,0.98
703774238772166656,10,,nan,https://pbs.twimg.com/media/CcRO8FmW4AAzazk.jpg,Labrador_retriever,0.99
703769065844768768,10,,nan,https://pbs.twimg.com/media/CcRKOzyXEAQO_HN.jpg,boxer,0.84
703611486317502464,10,Scooter,puper,https://pbs.twimg.com/media/CcO66OjXEAASXmH.jpg,Pembroke,0.76
703382836347330562,12,Charlie,nan,https://pbs.twimg.com/media/CcLq7ipW4AArSGZ.jpg,golden_retriever,0.95
703356393781329922,9,Socks,nan,https://pbs.twimg.com/media/CcLS6QKUcAAUuPa.jpg,Border_collie,0.89
703079050210877440,11,a,nan,https://pbs.twimg.com/media/CcHWqQCW8AEb0ZH.jpg,Pembroke,0.78
702539513671897089,12,a,nan,https://pbs.twimg.com/media/Cb_r8qTUsAASgdF.jpg,Pomeranian,0.71
702321140488925184,12,,nan,https://pbs.twimg.com/media/Cb8lWafWEAA2q93.jpg,West_Highland_white_terrier,0.77
702276748847800320,11,,nan,https://pbs.twimg.com/media/Cb78-nOWIAENNRc.jpg,Boston_bull,0.7
701889187134500865,11,Bilbo,nan,https://pbs.twimg.com/media/Cb2cfd9WAAEL-zk.jpg,French_bulldog,0.9
701601587219795968,10,Coopson,nan,https://pbs.twimg.com/media/CbyW7B0W8AIX8kX.jpg,Chihuahua,0.99
701570477911896070,9,Yoda,nan,https://pbs.twimg.com/media/Cbx6nz1WIAA0QSW.jpg,Yorkshire_terrier,0.91
701214700881756160,12,,nan,https://pbs.twimg.com/media/Cbs3DOAXIAAp3Bd.jpg,Chihuahua,0.62
700864154249383937,12,a,puper,https://pbs.twimg.com/media/Cbn4OqKWwAADGWt.jpg,kuvasz,0.81
700029284593901568,10,Coops,nan,https://pbs.twimg.com/media/CbcA673XIAAsytQ.jpg,West_Highland_white_terrier,0.73
699801817392291840,11,Cooper,puper,https://pbs.twimg.com/media/CbYyCMcWIAAHHjF.jpg,golden_retriever,0.81
699779630832685056,10,,nan,https://pbs.twimg.com/media/CbYd3C9WEAErJ4Z.jpg,malinois,0.71
699446877801091073,12,Archie,nan,https://pbs.twimg.com/media/CbTvNpoW0AEemnx.jpg,Pembroke,0.97
699434518667751424,12,,puper,https://pbs.twimg.com/media/CbTj--1XEAIZjc_.jpg,golden_retriever,0.84
699423671849451520,10,,nan,https://pbs.twimg.com/media/CbTaHrRW0AABXmG.jpg,pug,1.0
699079609774645248,8,Reagan,nan,https://pbs.twimg.com/media/CbOhMUDXIAACIWR.jpg,schipperke,0.67
699072405256409088,12,,nan,https://pbs.twimg.com/ext_tw_video_thumb/699072391083880449/pu/img/fMp1-dvLMeio1Kzk.jpg,Shih-Tzu,0.6
698907974262222848,10,,nan,https://pbs.twimg.com/media/CbMFFssWIAAyuOd.jpg,German_short-haired_pointer,0.98
698703483621523456,7,Rusty,nan,https://pbs.twimg.com/media/CbJLG0HWwAAV-ug.jpg,Brittany_spaniel,0.93
698549713696649216,9,Claude,nan,https://pbs.twimg.com/media/CbG_QRJXEAALVWy.jpg,French_bulldog,1.0
698355670425473025,10,Jessiga,nan,https://pbs.twimg.com/media/CbEOxQXW0AEIYBu.jpg,pug,0.99
698342080612007937,11,Maximus,nan,https://pbs.twimg.com/ext_tw_video_thumb/698341973569245184/pu/img/Sj3A2vSfbKWSv61T.jpg,boxer,0.88
698195409219559425,9,Beau,nan,https://pbs.twimg.com/media/CbB9BTqW8AEVc2A.jpg,Labrador_retriever,0.64
697990423684476929,11,Doug,nan,https://pbs.twimg.com/media/Ca_ClYOW0AAsvpE.jpg,Pembroke,0.98
697596423848730625,11,,puper,https://pbs.twimg.com/media/Ca5cPrJXIAImHtD.jpg,Shetland_sheepdog,0.62
697463031882764288,44,,nan,https://pbs.twimg.com/media/Ca3i7CzXIAMLhg8.jpg,Labrador_retriever,1.0
697270446429966336,10,Bentley,nan,https://pbs.twimg.com/media/Ca0zxGjW8AEfyYl.jpg,toy_poodle,0.88
697259378236399616,8,getting,nan,https://pbs.twimg.com/media/Ca0ps3AXEAAnp9m.jpg,Great_Dane,1.0
696894894812565505,9,,nan,https://pbs.twimg.com/media/CaveNQcVIAECyBr.jpg,Appenzeller,0.67
695794761660297217,13,Wyatt,nan,https://pbs.twimg.com/media/Caf1pQxWIAEme3q.jpg,Samoyed,0.96
695767669421768709,13,,nan,https://pbs.twimg.com/media/CafdAWCW0AE3Igl.jpg,soft-coated_wheaten_terrier,0.81
695629776980148225,8,Calvin,nan,https://pbs.twimg.com/media/Cadfl6zWcAEZqIW.jpg,Old_English_sheepdog,0.69
695446424020918272,12,,nan,https://pbs.twimg.com/media/Caa407jWwAAJPH3.jpg,basenji,0.75
695409464418041856,10,Bob,nan,https://pbs.twimg.com/media/CaaXN5LUYAEzAh-.jpg,pug,1.0
695314793360662529,10,Colin,nan,https://pbs.twimg.com/media/CaZBErSWEAEdXk_.jpg,Maltese_dog,0.68
695051054296211456,6,Brian,nan,https://pbs.twimg.com/media/CaVRP4GWwAERC0v.jpg,Boston_bull,0.76
694329668942569472,9,Grady,puper,https://pbs.twimg.com/media/CaLBJmOWYAQt44t.jpg,boxer,0.99
694001791655137281,11,Chester,nan,https://pbs.twimg.com/media/CaGW8JQUMAEVtLl.jpg,Pembroke,0.77
693629975228977152,12,,puper,https://pbs.twimg.com/media/CaBEx3SWEAILZpi.jpg,pug,0.84
693262851218264065,11,,puper,https://pbs.twimg.com/media/CZ724fDUYAAytS-.jpg,golden_retriever,0.99
693231807727280129,9,Bodie,nan,https://pbs.twimg.com/media/CZ7aplIUsAAq-8s.jpg,vizsla,0.88
693155686491000832,12,Dunkin,nan,https://pbs.twimg.com/media/CZ6VatdWwAAwHly.jpg,Shih-Tzu,0.7
693109034023534592,11,,nan,https://pbs.twimg.com/ext_tw_video_thumb/693108992730632192/pu/img/ncJQQZf3eroMSF12.jpg,cocker_spaniel,0.74
692919143163629568,9,,nan,https://pbs.twimg.com/media/CZ2-SRiWcAIjuM5.jpg,Saint_Bernard,0.61
692894228850999298,10,Tupawc,nan,https://pbs.twimg.com/media/CZ2nn7BUsAI2Pj3.jpg,German_short-haired_pointer,0.88
692828166163931137,12,,puper,https://pbs.twimg.com/media/CZ1riVOWwAATfGf.jpg,Samoyed,0.99
692568918515392513,12,Chester,nan,https://pbs.twimg.com/media/CZx_wV2UMAArgsJ.jpg,golden_retriever,0.64
692187005137076224,12,a,nan,https://pbs.twimg.com/media/CZskaEIWIAUeTr5.jpg,Siberian_husky,0.81
692158366030913536,10,Edgar,nan,https://pbs.twimg.com/media/CZsKVxfWQAAXy2u.jpg,pug,0.96
692142790915014657,13,,nan,https://pbs.twimg.com/media/CZr8LvyXEAABJ9k.jpg,toy_poodle,0.67
691483041324204033,5,,nan,https://pbs.twimg.com/media/CZikKBIWYAA40Az.jpg,bloodhound,0.89
691444869282295808,12,Bailey,nan,https://pbs.twimg.com/media/CZiBcJhWQAATXNK.jpg,Bernese_mountain_dog,0.77
690959652130045952,11,,nan,https://pbs.twimg.com/media/CZbIIM-WkAIPClg.jpg,golden_retriever,0.86
690735892932222976,13,Peaches,nan,https://pbs.twimg.com/media/CZX8nyeVAAEstKM.jpg,golden_retriever,0.88
690360449368465409,9,the,nan,https://pbs.twimg.com/media/CZSnKw8WwAAAN7q.jpg,pug,0.69
690015576308211712,12,,puper,https://pbs.twimg.com/media/CZNtgWhWkAAbq3W.jpg,malamute,0.95
689905486972461056,11,Gizmo,puper,https://pbs.twimg.com/media/CZMJYCRVAAE35Wk.jpg,Pomeranian,0.94
689835978131935233,11,Fynn,nan,https://pbs.twimg.com/media/CZLKJpDWQAA-5u4.jpg,collie,0.6
689517482558820352,12,Carl,nan,https://pbs.twimg.com/media/CZGofjJW0AINjN9.jpg,Pembroke,0.8
689280876073582592,10,Herald,nan,https://pbs.twimg.com/media/CZDRTAPUoAEaqxF.jpg,Chihuahua,0.64
689154315265683456,9,,nan,https://pbs.twimg.com/media/CZBeMMVUwAEdVqI.jpg,cocker_spaniel,0.82
688898160958271489,10,,nan,https://pbs.twimg.com/media/CY91OENWUAE5agj.jpg,Ibizan_hound,0.85
688828561667567616,9,Brad,nan,https://pbs.twimg.com/media/CY816snW8AYltrQ.jpg,Cardigan,0.61
688789766343622656,8,Pubert,nan,https://pbs.twimg.com/media/CY8SocAWsAARuyh.jpg,American_Staffordshire_terrier,0.6
688519176466644993,12,,puper,https://pbs.twimg.com/media/CY4ciRFUMAAovos.jpg,Pembroke,0.7
688385280030670848,12,Louis,nan,https://pbs.twimg.com/media/CY2iwGNWUAI5zWi.jpg,golden_retriever,0.9
688116655151435777,10,,nan,https://pbs.twimg.com/media/CYyucekVAAESj8K.jpg,pug,0.97
687826841265172480,12,Louis,nan,https://pbs.twimg.com/media/CYum3KbWEAArFrI.jpg,Pomeranian,1.0
687818504314159109,12,,puper,https://pbs.twimg.com/media/CYufR8_WQAAWCqo.jpg,Lakeland_terrier,0.87
687704180304273409,9,Blakely,puper,https://pbs.twimg.com/media/CYs3TKzUAAAF9A2.jpg,miniature_pinscher,0.96
687664829264453632,11,Opal,nan,https://pbs.twimg.com/media/CYsTg1XUsAEPjxE.jpg,pug,0.96
687317306314240000,11,Tyrone,nan,https://pbs.twimg.com/media/CYnXcLEUkAAIQOM.jpg,Shih-Tzu,0.75
687109925361856513,11,Baxter,nan,https://pbs.twimg.com/media/CYka1NTWMAAOclP.jpg,borzoi,0.88
686377065986265092,10,Birf,puper,https://pbs.twimg.com/media/CYaAS2kUoAINkye.jpg,German_shepherd,0.83
686358356425093120,10,,nan,https://pbs.twimg.com/media/CYZvRttWYAE_RXc.jpg,pug,0.99
686050296934563840,11,Flávio,nan,https://pbs.twimg.com/media/CYVXBb9WsAAwL3p.jpg,Pomeranian,0.99
686007916130873345,11,,puper,https://pbs.twimg.com/media/CYUwjz-UAAEcdi8.jpg,Rhodesian_ridgeback,0.89
685321586178670592,10,Rocky,nan,https://pbs.twimg.com/media/CYLAWFMWMAEcRzb.jpg,Boston_bull,0.97
685307451701334016,11,Petrick,floofer,https://pbs.twimg.com/media/CYKzfTTWMAEeTN7.jpg,Pomeranian,0.96
685268753634967552,10,Hubertson,puper,https://pbs.twimg.com/media/CYKQS0xUQAEOptC.jpg,pug,1.0
685169283572338688,11,Gerbald,puper,https://pbs.twimg.com/media/CYI10WhWsAAjzii.jpg,Bernese_mountain_dog,0.98
684940049151070208,12,Oreo,nan,https://pbs.twimg.com/media/CYFlVUFWwAAEsWX.jpg,Border_collie,0.67
684926975086034944,11,Bruiser,nan,https://pbs.twimg.com/media/CYFZXdiU0AAc_kw.jpg,Labrador_retriever,0.77
684902183876321280,11,Perry,nan,https://pbs.twimg.com/media/CYFC5lmWAAAEIho.jpg,Pembroke,0.71
684594889858887680,10,,nan,https://pbs.twimg.com/media/CYAra7JWsAACPZH.jpg,Weimaraner,0.95
684538444857667585,12,,nan,https://pbs.twimg.com/ext_tw_video_thumb/684538367950872576/pu/img/kTKOkSU45BS-fpq8.jpg,Chihuahua,0.7
684481074559381504,10,Pippa,nan,https://pbs.twimg.com/media/CX_D6AJWwAAnBIw.jpg,Chihuahua,0.94
684460069371654144,10,Jeph,nan,https://pbs.twimg.com/media/CX-wzZEUwAA4ISM.jpg,Labrador_retriever,0.67
684097758874210310,10,Lupe,nan,https://pbs.twimg.com/media/CX5nR5oWsAAiclh.jpg,Labrador_retriever,0.63
683834909291606017,9,,puper,https://pbs.twimg.com/ext_tw_video_thumb/683834825250320385/pu/img/yZdrqMlyky4KGOu6.jpg,Maltese_dog,0.74
683742671509258241,11,Sebastian,nan,https://pbs.twimg.com/media/CX0kVRxWYAAWWZi.jpg,Pembroke,0.9
683498322573824003,11,Griffin,nan,https://pbs.twimg.com/media/CXxGGOsUwAAr62n.jpg,Airedale,0.95
683391852557561860,11,Jack,nan,https://pbs.twimg.com/media/CXvlQ2zW8AAE0tp.jpg,French_bulldog,0.99
683142553609318400,9,Brandy,puper,https://pbs.twimg.com/media/CXsChyjW8AQJ16C.jpg,Leonberg,0.61
683111407806746624,10,Larry,puper,https://pbs.twimg.com/media/CXrmMSpUwAAdeRj.jpg,cocker_spaniel,0.9
683098815881154561,12,,nan,https://pbs.twimg.com/media/CXrawAhWkAAWSxC.jpg,golden_retriever,0.89
683030066213818368,10,Lulu,nan,https://pbs.twimg.com/media/CXqcOHCUQAAugTB.jpg,boxer,0.72
682750546109968385,9,Taco,nan,https://pbs.twimg.com/media/CXmd_bsWkAEEXck.jpg,English_setter,0.95
682429480204398592,8,,nan,https://pbs.twimg.com/media/CXh5_dDWQAIbU-J.jpg,whippet,0.59
682393905736888321,11,Kreg,nan,https://pbs.twimg.com/media/CXhZom1UwAA4Zz6.jpg,vizsla,0.66
682032003584274432,11,Ulysses,nan,https://pbs.twimg.com/media/CXcQfUNUQAEwFoQ.jpg,schipperke,1.0
681694085539872773,11,Bo,puper,https://pbs.twimg.com/media/CXXdJ7CVAAALu23.jpg,toy_poodle,0.92
681654059175129088,12,Toffee,puper,https://pbs.twimg.com/media/CXW4wGHWsAE_eBD.jpg,Pomeranian,0.8
681610798867845120,12,,nan,https://pbs.twimg.com/media/CXWRZBgWkAEHMea.jpg,toy_poodle,0.82
681579835668455424,8,Apollo,nan,https://pbs.twimg.com/media/CXV1Ot_W8AEpkQO.jpg,Rottweiler,0.76
681281657291280384,11,Sarge,nan,https://pbs.twimg.com/media/CXRmDfWWMAADCdc.jpg,Saint_Bernard,1.0
681193455364796417,11,Aspen,nan,https://pbs.twimg.com/media/CXQV03pWYAAVniz.jpg,Pomeranian,0.99
680970795137544192,9,,nan,https://pbs.twimg.com/media/CXNLU6wWkAE0OkJ.jpg,pug,0.71
680934982542561280,10,Sadie,nan,https://pbs.twimg.com/media/CXMqwIQWcAA2iE0.jpg,Labrador_retriever,0.78
680913438424612864,11,Griswold,nan,https://pbs.twimg.com/media/CXMXKKHUMAA1QN3.jpg,Pomeranian,0.62
680889648562991104,9,Cheesy,nan,https://pbs.twimg.com/media/CXMBhXfWEAA4mMI.jpg,Shetland_sheepdog,0.88
680801747103793152,10,,nan,https://pbs.twimg.com/media/CXKxkseW8AAjAMY.jpg,pug,1.0
680609293079592961,9,Brody,nan,https://pbs.twimg.com/media/CXICiB9UwAE1sKY.jpg,French_bulldog,0.7
680473011644985345,10,Hector,puper,https://pbs.twimg.com/media/CXGGlzvWYAArPfk.jpg,Lakeland_terrier,0.8
680191257256136705,11,,puper,https://pbs.twimg.com/media/CXCGVXyWsAAAVHE.jpg,Brittany_spaniel,0.73
680115823365742593,9,Ozzy,nan,https://pbs.twimg.com/media/CXBBurSWMAELewi.jpg,pug,1.0
680100725817409536,11,,puper,https://pbs.twimg.com/media/CW-loUBWYAAn2Cb.jpg,golden_retriever,0.7
680055455951884288,10,Sammy,nan,https://pbs.twimg.com/media/CW-ZRC_WQAAyFrL.jpg,Samoyed,1.0
679844490799091713,10,Willie,nan,https://pbs.twimg.com/media/CW9K9VeVAAE0j-x.jpg,Airedale,0.9
679530280114372609,7,a,nan,https://pbs.twimg.com/media/CW4tL1vWcAIw1dw.jpg,dalmatian,0.75
679511351870550016,7,William,nan,https://pbs.twimg.com/media/CW4b-GUWYAAa8QO.jpg,Chihuahua,0.76
679462823135686656,11,Hurley,nan,https://pbs.twimg.com/media/CW3v1KxW8AAIOuy.jpg,toy_poodle,0.62
678969228704284672,11,Lola,nan,https://pbs.twimg.com/media/CWwu6OLUkAEo3gq.jpg,Labrador_retriever,0.68
678764513869611008,10,Wilson,nan,https://pbs.twimg.com/media/CWt0ubZWcAAkFER.jpg,Irish_terrier,0.7
678755239630127104,10,Dash,nan,https://pbs.twimg.com/media/CWtsSQAUkAAnWws.jpg,malamute,0.61
678424312106393600,2,Crystal,nan,https://pbs.twimg.com/media/CWo_T8gW4AAgJNo.jpg,Maltese_dog,0.76
678396796259975168,12,,nan,https://pbs.twimg.com/media/CWomSU_XIAAUYiK.jpg,Pembroke,0.96
678341075375947776,12,,puper,https://pbs.twimg.com/media/CWnznDTU4AAa-6P.jpg,golden_retriever,0.85
678278586130948096,10,,puper,https://pbs.twimg.com/media/CWm6xySUEAAqfFU.jpg,Maltese_dog,0.9
678255464182861824,9,Jessifer,nan,https://pbs.twimg.com/media/CWmlvxJU4AEAqaN.jpg,Chihuahua,0.61
678021115718029313,12,Reese,nan,https://pbs.twimg.com/media/CWjQm5gXAAA9GkD.jpg,miniature_pinscher,0.82
677698403548192770,9,Sadie,nan,https://pbs.twimg.com/media/CWerGmOXAAAm6NY.jpg,Shih-Tzu,0.92
677673981332312066,9,,nan,https://pbs.twimg.com/media/CWeU5LBWEAA8F0J.jpg,Maltese_dog,0.82
677644091929329666,11,a,nan,https://pbs.twimg.com/ext_tw_video_thumb/677644010865999872/pu/img/zVHEMYnJKzq1SauT.jpg,Chihuahua,0.63
677547928504967168,12,,nan,https://pbs.twimg.com/media/CWciPonWEAUOqLD.jpg,American_Staffordshire_terrier,0.91
677530072887205888,9,Axel,nan,https://pbs.twimg.com/media/CWcSAI-WUAAOB9W.jpg,Staffordshire_bullterrier,0.69
677334615166730240,9,,nan,https://pbs.twimg.com/media/CWZgPPUWUAAUOvu.jpg,Lakeland_terrier,0.86
677314812125323265,10,Tassy,nan,https://pbs.twimg.com/media/CWZOOIUW4AAQrX_.jpg,Blenheim_spaniel,0.92
677301033169788928,5,Juckson,nan,https://pbs.twimg.com/media/CWZBsjPWsAAZFFl.jpg,Japanese_spaniel,0.66
677269281705472000,10,the,puper,https://pbs.twimg.com/media/CWYk0WxWoAAEwRt.jpg,Shetland_sheepdog,0.66
676957860086095872,10,,nan,https://pbs.twimg.com/ext_tw_video_thumb/676957802976419840/pu/img/dCj-qlXo73A5hf6Q.jpg,Labrador_retriever,0.77
676946864479084545,12,,nan,https://pbs.twimg.com/media/CWT_lOQWUAAXPaY.jpg,Pekinese,0.75
676821958043033607,11,,nan,https://pbs.twimg.com/media/CWSN-vaXAAA8Ehr.jpg,Great_Pyrenees,0.87
676617503762681856,13,,puper,https://pbs.twimg.com/media/CWPUB9TWwAALPPx.jpg,Chihuahua,0.84
676603393314578432,9,Godzilla,puper,https://pbs.twimg.com/media/CWPHMqKVAAAE78E.jpg,whippet,0.88
676588346097852417,5,Bubbles,nan,https://pbs.twimg.com/media/CWO5gmCUYAAX4WA.jpg,Boston_bull,0.98
676496375194980353,9,Griffin,nan,https://pbs.twimg.com/media/CWNl3S9WcAARN34.jpg,pug,0.99
676470639084101634,11,,puper,https://pbs.twimg.com/media/CWNOdIpWoAAWid2.jpg,golden_retriever,0.79
676237365392908289,8,Winston,nan,https://pbs.twimg.com/media/CWJ6Sc-WwAAlpI6.jpg,French_bulldog,0.96
676089483918516224,9,,nan,https://pbs.twimg.com/media/CWHzzFGXIAA0Y_H.jpg,bull_mastiff,0.74
675888385639251968,10,,nan,https://pbs.twimg.com/media/CWE85snWIAEG5ES.jpg,West_Highland_white_terrier,0.67
675845657354215424,10,Pepper,puper,https://pbs.twimg.com/media/CWEWClfW4AAnqhG.jpg,pug,0.88
675798442703122432,10,Bernie,nan,https://pbs.twimg.com/media/CWDrGH4UYAARoq_.jpg,beagle,0.68
675781562965868544,11,Buddah,nan,https://pbs.twimg.com/media/CWDbv2yU4AARfeH.jpg,Maltese_dog,0.92
675740360753160193,12,,puper,https://pbs.twimg.com/ext_tw_video_thumb/675740268751138818/pu/img/dVaVeFAVT-lk_1ZV.jpg,golden_retriever,0.8
675706639471788032,10,a,nan,https://pbs.twimg.com/media/CWCXj35VEAIFvtk.jpg,English_springer,0.99
675534494439489536,11,a,nan,https://pbs.twimg.com/media/CV_7CV6XIAEV05u.jpg,chow,0.75
675531475945709568,10,Ellie,nan,https://pbs.twimg.com/media/CV_4ShmUYAA3wNu.jpg,Pembroke,0.92
675432746517426176,12,,nan,https://pbs.twimg.com/media/CV-ef64WoAAbh0I.jpg,Labrador_retriever,0.99
675349384339542016,13,,nan,https://pbs.twimg.com/media/CV9SrABU4AQI46z.jpg,borzoi,0.87
675334060156301312,12,,puper,https://pbs.twimg.com/media/CV9EvZNUwAAgLCK.jpg,Pembroke,0.77
675149409102012420,12,,nan,https://pbs.twimg.com/media/CV6czeEWEAEdChp.jpg,chow,1.0
675147105808306176,10,,nan,https://pbs.twimg.com/media/CV6atgoWcAEsdv6.jpg,golden_retriever,0.95
675111688094527488,8,Oliver,nan,https://pbs.twimg.com/media/CV56f54WsAEv4kJ.jpg,Labrador_retriever,0.63
675109292475830276,9,a,nan,https://pbs.twimg.com/media/CV54UQTXAAAGf-j.jpg,dalmatian,0.99
675047298674663426,11,a,nan,https://pbs.twimg.com/media/CV4_8FgXAAQOj4S.jpg,Samoyed,0.98
675006312288268288,10,Mollie,puper,https://pbs.twimg.com/media/CV4aqCwWsAIi3OP.jpg,boxer,0.65
675003128568291329,12,Laela,nan,https://pbs.twimg.com/media/CV4XwYiWoAAHQIF.jpg,Pembroke,0.66
674999807681908736,13,,nan,https://pbs.twimg.com/media/CV4UvgNUkAEEnZd.jpg,Rottweiler,0.59
674805413498527744,10,,nan,https://pbs.twimg.com/ext_tw_video_thumb/674805331965399040/pu/img/-7bw8niVrgIkLKOW.jpg,English_springer,0.59
674800520222154752,11,Tedders,nan,https://pbs.twimg.com/media/CV1ffl3XAAAiFyr.jpg,Pembroke,0.88
674790488185167872,13,,nan,https://pbs.twimg.com/media/CV1WXsmWcAAgQ56.jpg,Labrador_retriever,0.8
674764817387900928,10,,nan,https://pbs.twimg.com/media/CV0_BSuWIAIvE9k.jpg,Samoyed,0.63
674752233200820224,12,,nan,https://pbs.twimg.com/media/CV0zkzEU4AAzLc5.jpg,vizsla,0.67
674737130913071104,10,Rufio,puper,https://pbs.twimg.com/media/CV0l10AU8AAfg-a.jpg,Pomeranian,0.95
674646392044941312,5,,nan,https://pbs.twimg.com/media/CVzTUGrW4AAirJH.jpg,flat-coated_retriever,0.84
674638615994089473,12,,puper,https://pbs.twimg.com/media/CVzMPh1UsAELQ_p.jpg,Pomeranian,0.85
674422304705744896,12,Ava,nan,https://pbs.twimg.com/media/CVwHgblWcAACWOD.jpg,golden_retriever,0.96
674291837063053312,11,Kenny,nan,https://pbs.twimg.com/media/CVuQ2LeUsAAIe3s.jpg,Cardigan,0.61
674271431610523648,10,,nan,https://pbs.twimg.com/media/CVt-SeMWwAAs9HH.jpg,German_shepherd,0.99
674269164442398721,8,Bob,nan,https://pbs.twimg.com/media/CVt8OmIWIAAbxvJ.jpg,pug,0.62
674255168825880576,10,Bobbay,nan,https://pbs.twimg.com/media/CVtvf6bWwAAd1rT.jpg,Eskimo_dog,0.62
674082852460433408,11,a,nan,https://pbs.twimg.com/media/CVrSxy7WsAAFD2F.jpg,Pomeranian,0.67
674053186244734976,10,Stanley,nan,https://pbs.twimg.com/media/CVq3zAaWwAA8vpk.jpg,Cardigan,0.98
674042553264685056,12,,nan,https://pbs.twimg.com/media/CVquIDRW4AEJrPk.jpg,toy_poodle,0.93
674036086168010753,9,Daisy,nan,https://pbs.twimg.com/media/CVqoPslWEAEk7EC.jpg,toy_poodle,0.69
674024893172875264,10,,nan,https://pbs.twimg.com/media/CVqeEKLW4AA1wXH.jpg,Pomeranian,0.65
674019345211760640,10,Acro,nan,https://pbs.twimg.com/media/CVqZBO8WUAAd931.jpg,collie,0.99
674014384960745472,11,Aiden,nan,https://pbs.twimg.com/media/CVqUgTIUAAUA8Jr.jpg,Pembroke,0.74
673711475735838725,10,,nan,https://pbs.twimg.com/media/CVmA_osW4AArAU1.jpg,Maltese_dog,0.61
673708611235921920,12,Riley,nan,https://pbs.twimg.com/media/CVl-Z0dWcAAs7wr.jpg,golden_retriever,0.94
673707060090052608,10,Raymond,puper,https://pbs.twimg.com/media/CVl8_EPWoAAcuSC.jpg,German_short-haired_pointer,0.94
673680198160809984,13,Shnuggles,nan,https://pbs.twimg.com/media/CVlkid8WoAAqDlB.jpg,Samoyed,0.99
673662677122719744,12,Kendall,nan,https://pbs.twimg.com/media/CVlUfBbUwAQyfcD.jpg,Labrador_retriever,0.96
673656262056419329,10,Albert,puper,https://pbs.twimg.com/media/CVlOy3pW4AQ9H1K.jpg,bull_mastiff,0.7
673580926094458881,8,,nan,https://pbs.twimg.com/media/CVkKRqOXIAEX83-.jpg,beagle,0.99
673359818736984064,8,Steve,nan,https://pbs.twimg.com/media/CVhBLohWEAAXtYl.jpg,English_setter,0.7
673352124999274496,12,,nan,https://pbs.twimg.com/media/CVg6L2hWIAAYuEb.jpg,golden_retriever,0.67
673320132811366400,11,Frankie,nan,https://pbs.twimg.com/media/CVgdFjNWEAAxmbq.jpg,Samoyed,0.98
673295268553605120,8,Eve,puper,https://pbs.twimg.com/media/CVgGc9hWIAIe1bn.jpg,golden_retriever,0.89
673270968295534593,11,Mac,nan,https://pbs.twimg.com/media/CVfwXuWWIAAqnoi.jpg,Shih-Tzu,0.61
673213039743795200,10,Dexter,nan,https://pbs.twimg.com/media/CVe7r7QVEAAc4Bg.jpg,schipperke,0.89
672995267319328768,8,Pumpkin,nan,https://pbs.twimg.com/media/CVb1mRiWcAADBsE.jpg,French_bulldog,0.72
672988786805112832,10,Schnozz,puper,https://pbs.twimg.com/media/CVbvjKqW4AA_CuD.jpg,Lakeland_terrier,0.84
672975131468300288,10,Chuckles,puper,https://pbs.twimg.com/media/CVbjRSIWsAElw2s.jpg,pug,0.84
672968025906282496,11,Gustaf,nan,https://pbs.twimg.com/media/CVbc2V2WsAE3-kn.jpg,toy_poodle,0.68
672622327801233409,12,,puper,https://pbs.twimg.com/media/CVWicBbUYAIomjC.jpg,golden_retriever,0.95
672604026190569472,11,a,nan,https://pbs.twimg.com/media/CVWRyylWIAAMltv.jpg,toy_poodle,0.82
672594978741354496,9,Scott,puper,https://pbs.twimg.com/media/CVWJkJXWsAInlZl.jpg,Great_Pyrenees,0.76
672591762242805761,10,Taz,nan,https://pbs.twimg.com/media/CVWGotpXAAMRfGq.jpg,kuvasz,0.78
672488522314567680,10,Jackie,nan,https://pbs.twimg.com/media/CVUovvHWwAAD-nu.jpg,Doberman,0.61
672481316919734272,12,Jazz,puper,https://pbs.twimg.com/media/CVUiMUeW4AEQgkU.jpg,Border_collie,0.6
672272411274932228,11,Pippin,nan,https://pbs.twimg.com/media/CVRkLuJWUAAhhYp.jpg,pug,0.91
672267570918129665,10,,nan,https://pbs.twimg.com/media/CVRfyZxWUAAFIQR.jpg,Irish_terrier,0.72
672264251789176834,10,Kreg,nan,https://pbs.twimg.com/media/CVRcxJ-WsAAXOhO.jpg,Chihuahua,0.61
672254177670729728,11,Rolf,puper,https://pbs.twimg.com/media/CVRTmz1WcAA4uMF.jpg,pug,0.98
672245253877968896,12,Snickers,nan,https://pbs.twimg.com/media/CVRLfeoW4AA_ldZ.jpg,Chihuahua,0.72
672222792075620352,9,Cal,nan,https://pbs.twimg.com/media/CVQ3EDdWIAINyhM.jpg,beagle,0.96
672169685991993344,10,Bradley,nan,https://pbs.twimg.com/media/CVQGv-vUwAEUjCj.jpg,cocker_spaniel,0.99
672095186491711488,9,Tuco,nan,https://pbs.twimg.com/media/CVPDAR9XIAAm8QB.jpg,pug,0.79
672068090318987265,7,Gizmo,nan,https://pbs.twimg.com/media/CVOqW8eUkAESTHj.jpg,pug,0.86
671866342182637568,10,Dylan,nan,https://pbs.twimg.com/media/CVLy3zFWoAA93qJ.jpg,Labrador_retriever,0.88
671542985629241344,10,JD,nan,https://pbs.twimg.com/media/CVHMyHMWwAALYXs.jpg,Shetland_sheepdog,0.98
671528761649688577,10,Jax,nan,https://pbs.twimg.com/media/CVG_2I-WIAASKSS.jpg,Doberman,0.78
671486386088865792,10,Malcolm,nan,https://pbs.twimg.com/media/CVGZTboUsAATohd.jpg,German_shepherd,0.83
671485057807351808,11,Penelope,nan,https://pbs.twimg.com/media/CVGYGNYXAAAQ9m-.jpg,Samoyed,0.63
671357843010908160,9,,nan,https://pbs.twimg.com/media/CVEkZaPXIAEw5vr.jpg,Italian_greyhound,0.83
671151324042559489,12,,nan,https://pbs.twimg.com/media/CVBokRSWsAADuXx.jpg,Rottweiler,0.78
671109016219725825,8,Toby,nan,https://pbs.twimg.com/media/CVBCFkyU4AE2Wcr.jpg,basenji,0.86
670995969505435648,12,,nan,https://pbs.twimg.com/media/CU_bRIEWcAAUVC7.jpg,redbone,0.87
670840546554966016,10,Colby,nan,https://pbs.twimg.com/media/CU9N6upXAAAbtQe.jpg,Shih-Tzu,0.96
670833812859932673,7,Jett,nan,https://pbs.twimg.com/media/CU9HyzSWIAAVcte.jpg,Pekinese,0.61
670823764196741120,12,Remington,nan,https://pbs.twimg.com/media/CU8-puBWwAAR8Xl.jpg,Labrador_retriever,0.95
670815497391357952,10,Sage,nan,https://pbs.twimg.com/media/CU83IZ8W4AEIh4y.jpg,American_Staffordshire_terrier,0.92
670811965569282048,10,Maggie,nan,https://pbs.twimg.com/media/CU8z65IUEAQBc4q.jpg,basset,0.99
670807719151067136,11,Andy,nan,https://pbs.twimg.com/media/CU8v-rdXIAId12Z.jpg,Old_English_sheepdog,0.96
670804601705242624,10,Mason,nan,https://pbs.twimg.com/media/CU8tOJZWUAAlNoF.jpg,Pomeranian,0.87
670782429121134593,5,,nan,https://pbs.twimg.com/media/CU8ZDu9WwAADg3N.jpg,Chihuahua,0.95
670778058496974848,10,,nan,https://pbs.twimg.com/media/CU8VFhuVAAAQW8B.jpg,pug,0.78
670755717859713024,9,Gin,nan,https://pbs.twimg.com/media/CU8AwZ_UsAA-Lbu.jpg,keeshond,0.99
670676092097810432,8,Bloo,nan,https://pbs.twimg.com/media/CU64WOlWcAA37TV.jpg,Dandie_Dinmont,0.68
670403879788544000,10,Nigel,nan,https://pbs.twimg.com/media/CU3AxW1WoAA3_35.jpg,pug,0.8
670374371102445568,12,Daisy,nan,https://pbs.twimg.com/media/CU2l7yvXAAUyYIJ.jpg,English_springer,0.97
670073503555706880,10,Winston,nan,https://pbs.twimg.com/media/CUyUSuWXIAAZKYF.jpg,malamute,0.6
670046952931721218,11,Ben,nan,https://pbs.twimg.com/media/CUx8JSEXIAU6zPp.jpg,Blenheim_spaniel,1.0
669970042633789440,10,Julio,nan,https://pbs.twimg.com/media/CUw2MV4XIAAHLO_.jpg,miniature_pinscher,0.73
669942763794931712,11,Andru,nan,https://pbs.twimg.com/media/CUwdYL5UsAAP0XX.jpg,vizsla,0.74
669926384437997569,12,,nan,https://pbs.twimg.com/media/CUwOfnDWcAIXryP.jpg,Pomeranian,0.98
669753178989142016,10,Chester,nan,https://pbs.twimg.com/media/CUtw9SAVEAAtFUN.jpg,Pembroke,0.86
669683899023405056,10,Kloey,nan,https://pbs.twimg.com/media/CUsx8q_WUAA-m4k.jpg,Pomeranian,1.0
669603084620980224,10,,nan,https://pbs.twimg.com/media/CUroc7QW4AATIff.jpg,Maltese_dog,0.66
669597912108789760,10,Skye,nan,https://pbs.twimg.com/media/CUrjvxiVEAA94dH.jpg,Eskimo_dog,0.6
669573570759163904,10,Linda,nan,https://pbs.twimg.com/media/CUrNmtFWoAAnWCD.jpg,West_Highland_white_terrier,0.95
669567591774625800,9,Kollin,nan,https://pbs.twimg.com/media/CUrIK1DWoAAhECq.jpg,Chihuahua,0.98
669564461267722241,10,a,nan,https://pbs.twimg.com/media/CUrFUvDVAAA9H-F.jpg,toy_poodle,0.62
669367896104181761,10,Chip,nan,https://pbs.twimg.com/media/CUoSjTnWwAANNak.jpg,basset,0.75
669354382627049472,8,Dug,nan,https://pbs.twimg.com/media/CUoGQjdXAAAkaz2.jpg,Chihuahua,0.97
669327207240699904,13,,nan,https://pbs.twimg.com/media/CUntin8WIAADmLk.jpg,golden_retriever,0.92
669216679721873412,8,Clarq,nan,https://pbs.twimg.com/media/CUmJBS5WUAAKtrP.jpg,golden_retriever,0.99
669203728096960512,9,Samsom,nan,https://pbs.twimg.com/media/CUl9PGBVEAUV3Wz.jpg,pug,0.91
669037058363662336,10,,nan,https://pbs.twimg.com/media/CUjlp51WcAA1vGA.jpg,Chihuahua,0.8
669000397445533696,11,Terrance,nan,https://pbs.twimg.com/media/CUjETvDVAAI8LIy.jpg,Pembroke,0.82
668989615043424256,3,Bernie,nan,https://pbs.twimg.com/media/CUi6geuUYAIvE9n.jpg,pug,0.92
668979806671884288,12,Chaz,nan,https://pbs.twimg.com/media/CUixld6WoAArDrJ.jpg,golden_retriever,0.61
668975677807423489,11,Jeremy,nan,https://pbs.twimg.com/media/CUit1O1WoAEBHjj.jpg,basset,0.61
668902994700836864,11,Lambeau,nan,https://pbs.twimg.com/media/CUhruUgUAAAa8FQ.jpg,Brittany_spaniel,0.83
668852170888998912,11,Bobb,nan,https://pbs.twimg.com/media/CUg9gBvWoAAmx-2.jpg,golden_retriever,0.9
668826086256599040,10,Banditt,nan,https://pbs.twimg.com/media/CUglxbFXAAA5O0d.jpg,malinois,0.64
668636665813057536,10,an,nan,https://pbs.twimg.com/media/CUd5gBGWwAA0IVA.jpg,komondor,1.0
668631377374486528,5,Zeek,nan,https://pbs.twimg.com/media/CUd0sSvWsAA85wO.jpg,miniature_schnauzer,0.9
668627278264475648,9,Timofy,nan,https://pbs.twimg.com/media/CUdw9thWsAA4mB9.jpg,French_bulldog,0.97
668623201287675904,10,Jomathan,nan,https://pbs.twimg.com/media/CUdtP1xUYAIeBnE.jpg,Chihuahua,0.71
668567822092664832,11,Marvin,nan,https://pbs.twimg.com/media/CUc64knWoAkZt70.jpg,Shih-Tzu,0.99
668248472370458624,8,Bisquick,nan,https://pbs.twimg.com/media/CUYYcMfXAAAixe7.jpg,Chihuahua,0.73
668237644992782336,10,Torque,nan,https://pbs.twimg.com/media/CUYOl0kW4AAVe_p.jpg,chow,0.81
668204964695683073,8,Ron,nan,https://pbs.twimg.com/media/CUXw3qHWoAAk8HJ.jpg,Labrador_retriever,0.66
668190681446379520,12,Skittles,nan,https://pbs.twimg.com/media/CUXj4SgXAAETlu6.jpg,Blenheim_spaniel,0.96
668171859951755264,7,a,nan,https://pbs.twimg.com/media/CUXSwy8W4AA6uet.jpg,Chihuahua,0.66
667886921285246976,11,Erik,nan,https://pbs.twimg.com/media/CUTPnPCW4AI7R0y.jpg,Pomeranian,0.8
667861340749471744,9,a,nan,https://pbs.twimg.com/media/CUS4WJ-UsAEJj10.jpg,malamute,0.97
667546741521195010,9,George,nan,https://pbs.twimg.com/media/CUOaOWXWcAA0_Jy.jpg,toy_poodle,0.79
667538891197542400,9,a,nan,https://pbs.twimg.com/media/CUOTFZOW4AABsfW.jpg,Yorkshire_terrier,0.62
667530908589760512,10,Naphaniel,nan,https://pbs.twimg.com/media/CUOL0uGUkAAx7yh.jpg,golden_retriever,0.63
667509364010450944,12,,nan,https://pbs.twimg.com/media/CUN4Or5UAAAa5K4.jpg,beagle,0.64
667502640335572993,11,Hall,nan,https://pbs.twimg.com/media/CUNyHTMUYAAQVch.jpg,Labrador_retriever,1.0
667491009379606528,7,,nan,https://pbs.twimg.com/media/CUNniSlUYAEj1Jl.jpg,borzoi,0.85
667455448082227200,7,Reese,nan,https://pbs.twimg.com/media/CUNHMXTU8AAS3HH.jpg,Tibetan_terrier,0.68
667453023279554560,11,Cupcake,nan,https://pbs.twimg.com/media/CUNE_OSUwAAdHhX.jpg,Labrador_retriever,0.83
667435689202614272,12,,nan,https://pbs.twimg.com/media/CUM1OHCW4AEgGSi.jpg,Rottweiler,1.0
667200525029539841,11,Joshwa,nan,https://pbs.twimg.com/media/CUJfVMPXIAAgbue.jpg,Siberian_husky,0.69
667182792070062081,10,Timison,nan,https://pbs.twimg.com/media/CUJPNjOWsAAZRqP.jpg,golden_retriever,0.95
667171260800061440,10,Kenneth,nan,https://pbs.twimg.com/media/CUJEuRIXIAAPDLt.jpg,giant_schnauzer,0.84
667138269671505920,10,,nan,https://pbs.twimg.com/media/CUImtzEVAAAZNJo.jpg,West_Highland_white_terrier,0.75
667119796878725120,10,Gabe,nan,https://pbs.twimg.com/media/CUIV6F7XIAA1tAM.jpg,Pembroke,0.74
667090893657276420,7,Clybe,nan,https://pbs.twimg.com/media/CUH7oLuUsAELWib.jpg,Chihuahua,0.96
667062181243039745,10,Keet,nan,https://pbs.twimg.com/media/CUHhgvHUAAA4aB0.jpg,Chesapeake_Bay_retriever,0.83
667044094246576128,12,,nan,https://pbs.twimg.com/media/CUHREBXXAAE6A9b.jpg,golden_retriever,0.77
666781792255496192,10,a,nan,https://pbs.twimg.com/media/CUDigRXXIAATI_H.jpg,Italian_greyhound,0.62
666701168228331520,8,a,nan,https://pbs.twimg.com/media/CUCZLHlUAAAeAig.jpg,Labrador_retriever,0.89
666691418707132416,8,Christoper,nan,https://pbs.twimg.com/media/CUCQTpEWEAA7EDz.jpg,German_shepherd,0.98
666437273139982337,7,,nan,https://pbs.twimg.com/media/CT-pKmRWIAAxUWj.jpg,Chihuahua,0.67
666421158376562688,12,,nan,https://pbs.twimg.com/media/CT-aggCXAAIMfT3.jpg,Blenheim_spaniel,0.91
666396247373291520,9,,nan,https://pbs.twimg.com/media/CT-D2ZHWIAA3gK1.jpg,Chihuahua,0.98
666345417576210432,10,,nan,https://pbs.twimg.com/media/CT9Vn7PWoAA_ZCM.jpg,golden_retriever,0.86
666287406224695296,1,an,nan,https://pbs.twimg.com/media/CT8g3BpUEAAuFjg.jpg,Maltese_dog,0.86
666063827256086533,10,the,nan,https://pbs.twimg.com/media/CT5Vg_wXIAAXfnj.jpg,golden_retriever,0.78
666055525042405380,10,a,nan,https://pbs.twimg.com/media/CT5N9tpXIAAifs1.jpg,chow,0.69
666050758794694657,10,a,nan,https://pbs.twimg.com/media/CT5Jof1WUAEuVxN.jpg,Bernese_mountain_dog,0.65
666033412701032449,9,a,nan,https://pbs.twimg.com/media/CT4521TWwAEvMyu.jpg,German_shepherd,0.6
